nohup: ignoring input
Fri Mar 13 18:06:05 UTC 2026: Restarting bot...
Fri Mar 13 18:06:05 UTC 2026: Bot restarted PID=2078
Sat Mar 14 04:14:09 UTC 2026: Restarting bot...
Sat Mar 14 04:14:09 UTC 2026: Bot restarted PID=3831
Sat Mar 14 04:15:09 UTC 2026: Restarting bot...
Sat Mar 14 04:15:09 UTC 2026: Bot restarted PID=3853
Sat Mar 14 04:16:09 UTC 2026: Restarting bot...
Sat Mar 14 04:16:09 UTC 2026: Bot restarted PID=3876
nohup: ignoring input
Sat Mar 14 19:31:00 UTC 2026: Restarting bot...
Sat Mar 14 19:31:00 UTC 2026: Bot restarted PID=200
Sat Mar 14 20:42:50 UTC 2026: Starting bot...
Sat Mar 14 20:42:50 UTC 2026: Bot started PID=476
nohup: ignoring input
Sat Mar 14 20:59:17 UTC 2026: Starting bot...
Sat Mar 14 20:59:17 UTC 2026: Bot started PID=546
Sat Mar 14 20:59:53 UTC 2026: Restarting bot...
Sat Mar 14 20:59:53 UTC 2026: Bot restarted PID=564
Sat Mar 14 21:00:53 UTC 2026: Restarting bot...
Sat Mar 14 21:00:53 UTC 2026: Bot restarted PID=577
Sat Mar 14 21:01:53 UTC 2026: Restarting bot...
Sat Mar 14 21:01:53 UTC 2026: Bot restarted PID=605
Sat Mar 14 21:02:53 UTC 2026: Restarting bot...
Sat Mar 14 21:02:53 UTC 2026: Bot restarted PID=623
Sat Mar 14 21:03:53 UTC 2026: Restarting bot...
Sat Mar 14 21:03:53 UTC 2026: Bot restarted PID=636
Sat Mar 14 21:04:53 UTC 2026: Restarting bot...
Sat Mar 14 21:04:53 UTC 2026: Bot restarted PID=659
Sat Mar 14 21:06:14 UTC 2026: Bot already running
Sun Mar 15 00:03:50 UTC 2026: Starting bot...
Sun Mar 15 00:03:50 UTC 2026: Bot started PID=48
nohup: ignoring input
nohup: ignoring input
nohup: ignoring input
Sun Mar 15 18:17:56 UTC 2026: Restarting bot...
Sun Mar 15 18:17:56 UTC 2026: Bot restarted PID=110
watchdog.sh: line 10:   110 Killed                  nohup python3 main.py >> logs/bot.log 2>&1
Sun Mar 15 18:24:56 UTC 2026: Restarting bot...
Sun Mar 15 18:24:56 UTC 2026: Bot restarted PID=180
nohup: ignoring input
nohup: ignoring input
Sun Mar 15 18:43:17 UTC 2026: Restarting bot...
Sun Mar 15 18:43:17 UTC 2026: Bot restarted PID=381
nohup: ignoring input
Sun Mar 15 18:50:16 UTC 2026: Restarting bot...
Sun Mar 15 18:50:17 UTC 2026: Bot restarted PID=474
nohup: ignoring input
Sun Mar 15 18:56:59 UTC 2026: Restarting bot...
Sun Mar 15 18:56:59 UTC 2026: Bot restarted PID=574
Sun Mar 15 18:57:59 UTC 2026: Restarting bot...
Sun Mar 15 18:57:59 UTC 2026: Bot restarted PID=580
Sun Mar 15 18:58:59 UTC 2026: Restarting bot...
Sun Mar 15 18:58:59 UTC 2026: Bot restarted PID=586
Sun Mar 15 18:59:59 UTC 2026: Restarting bot...
Sun Mar 15 18:59:59 UTC 2026: Bot restarted PID=592
Sun Mar 15 19:00:59 UTC 2026: Restarting bot...
Sun Mar 15 19:00:59 UTC 2026: Bot restarted PID=598
Sun Mar 15 19:02:00 UTC 2026: Restarting bot...
Sun Mar 15 19:02:00 UTC 2026: Bot restarted PID=604
Sun Mar 15 19:03:00 UTC 2026: Restarting bot...
Sun Mar 15 19:03:00 UTC 2026: Bot restarted PID=610
Sun Mar 15 19:04:00 UTC 2026: Restarting bot...
Sun Mar 15 19:04:00 UTC 2026: Bot restarted PID=621
Sun Mar 15 19:05:00 UTC 2026: Restarting bot...
Sun Mar 15 19:05:00 UTC 2026: Bot restarted PID=637
Sun Mar 15 19:06:00 UTC 2026: Restarting bot...
Sun Mar 15 19:06:00 UTC 2026: Bot restarted PID=655
Sun Mar 15 19:07:01 UTC 2026: Restarting bot...
Sun Mar 15 19:07:01 UTC 2026: Bot restarted PID=673
nohup: ignoring input
Sun Mar 15 19:07:50 UTC 2026: Restarting bot...
Sun Mar 15 19:07:51 UTC 2026: Bot restarted PID=734
Sun Mar 15 19:08:51 UTC 2026: Restarting bot...
Sun Mar 15 19:08:51 UTC 2026: Bot restarted PID=754
Sun Mar 15 19:09:51 UTC 2026: Restarting bot...
Sun Mar 15 19:09:51 UTC 2026: Bot restarted PID=767
Sun Mar 15 19:10:51 UTC 2026: Restarting bot...
Sun Mar 15 19:10:51 UTC 2026: Bot restarted PID=780
Sun Mar 15 19:11:51 UTC 2026: Restarting bot...
Sun Mar 15 19:11:51 UTC 2026: Bot restarted PID=793
Sun Mar 15 19:12:52 UTC 2026: Restarting bot...
Sun Mar 15 19:12:52 UTC 2026: Bot restarted PID=817
Sun Mar 15 19:13:52 UTC 2026: Restarting bot...
Sun Mar 15 19:13:52 UTC 2026: Bot restarted PID=835
Sun Mar 15 19:14:52 UTC 2026: Restarting bot...
Sun Mar 15 19:14:52 UTC 2026: Bot restarted PID=848
Sun Mar 15 19:15:52 UTC 2026: Restarting bot...
Sun Mar 15 19:15:52 UTC 2026: Bot restarted PID=866
nohup: ignoring input
Sun Mar 15 19:18:29 UTC 2026: Restarting bot...
Sun Mar 15 19:18:29 UTC 2026: Bot restarted PID=917
nohup: ignoring input
Sun Mar 15 19:31:57 UTC 2026: Restarting bot...
Sun Mar 15 19:31:57 UTC 2026: Bot restarted PID=1141
nohup: ignoring input
Sun Mar 15 19:43:48 UTC 2026: Restarting bot...
Sun Mar 15 19:43:48 UTC 2026: Bot restarted PID=1239
nohup: ignoring input
Sun Mar 15 19:49:04 UTC 2026: Restarting bot...
Sun Mar 15 19:49:04 UTC 2026: Bot restarted PID=1305
nohup: ignoring input
Sun Mar 15 19:57:23 UTC 2026: Restarting bot...
Sun Mar 15 19:57:23 UTC 2026: Bot restarted PID=1425
nohup: ignoring input
Sun Mar 15 20:00:01 UTC 2026: Restarting bot...
Sun Mar 15 20:00:01 UTC 2026: Bot restarted PID=1517
nohup: ignoring input
Sun Mar 15 20:07:19 UTC 2026: Restarting bot...
Sun Mar 15 20:07:19 UTC 2026: Bot restarted PID=1629
nohup: ignoring input
Sun Mar 15 20:14:38 UTC 2026: Restarting bot...
Sun Mar 15 20:14:38 UTC 2026: Bot restarted PID=1720
nohup: ignoring input
Sun Mar 15 20:21:35 UTC 2026: Restarting bot...
Sun Mar 15 20:21:35 UTC 2026: Bot restarted PID=1804
nohup: ignoring input
Sun Mar 15 23:17:01 UTC 2026: Restarting bot...
Sun Mar 15 23:17:01 UTC 2026: Bot restarted PID=2267
nohup: ignoring input
Sun Mar 15 23:30:28 UTC 2026: Restarting bot...
Sun Mar 15 23:30:28 UTC 2026: Bot restarted PID=2377
nohup: ignoring input
Sun Mar 15 23:31:16 UTC 2026: Restarting bot...
Sun Mar 15 23:31:16 UTC 2026: Bot restarted PID=2442
nohup: ignoring input
nohup: ignoring input
Mon Mar 16 00:03:51 UTC 2026: Starting bot...
Mon Mar 16 00:03:51 UTC 2026: Bot started PID=48
Mon Mar 16 00:04:17 UTC 2026: Restarting bot...
Mon Mar 16 00:04:17 UTC 2026: Bot restarted PID=2645
nohup: ignoring input
Mon Mar 16 00:10:25 UTC 2026: Restarting bot...
Mon Mar 16 00:10:25 UTC 2026: Bot restarted PID=2738
nohup: ignoring input
Mon Mar 16 00:23:15 UTC 2026: Restarting bot...
Mon Mar 16 00:23:15 UTC 2026: Bot restarted PID=3005
nohup: ignoring input
Mon Mar 16 00:49:44 UTC 2026: Restarting bot...
Mon Mar 16 00:49:44 UTC 2026: Bot restarted PID=3238
nohup: ignoring input
Mon Mar 16 00:56:29 UTC 2026: Restarting bot...
Mon Mar 16 00:56:29 UTC 2026: Bot restarted PID=3371
nohup: ignoring input
Mon Mar 16 01:03:16 UTC 2026: Restarting bot...
Mon Mar 16 01:03:16 UTC 2026: Bot restarted PID=3475
nohup: ignoring input
Mon Mar 16 01:20:34 UTC 2026: Restarting bot...
Mon Mar 16 01:20:34 UTC 2026: Bot restarted PID=3571
nohup: ignoring input
Mon Mar 16 01:30:17 UTC 2026: Restarting bot...
Mon Mar 16 01:30:17 UTC 2026: Bot restarted PID=3692
nohup: ignoring input
Mon Mar 16 01:35:59 UTC 2026: Restarting bot...
Mon Mar 16 01:35:59 UTC 2026: Bot restarted PID=3790
nohup: ignoring input
Mon Mar 16 01:41:33 UTC 2026: Restarting bot...
Mon Mar 16 01:41:33 UTC 2026: Bot restarted PID=3858
nohup: ignoring input
Mon Mar 16 01:49:45 UTC 2026: Restarting bot...
Mon Mar 16 01:49:45 UTC 2026: Bot restarted PID=3979
nohup: ignoring input
Mon Mar 16 01:54:55 UTC 2026: Restarting bot...
Mon Mar 16 01:54:55 UTC 2026: Bot restarted PID=4048
nohup: ignoring input
Mon Mar 16 02:15:13 UTC 2026: Restarting bot...
Mon Mar 16 02:15:13 UTC 2026: Bot restarted PID=4179
Mon Mar 16 02:16:13 UTC 2026: Restarting bot...
Mon Mar 16 02:16:13 UTC 2026: Bot restarted PID=4192
Mon Mar 16 02:17:13 UTC 2026: Restarting bot...
Mon Mar 16 02:17:13 UTC 2026: Bot restarted PID=4211
Mon Mar 16 02:18:13 UTC 2026: Restarting bot...
Mon Mar 16 02:18:13 UTC 2026: Bot restarted PID=4224
Mon Mar 16 02:19:13 UTC 2026: Restarting bot...
Mon Mar 16 02:19:13 UTC 2026: Bot restarted PID=4237
nohup: ignoring input
Mon Mar 16 02:19:31 UTC 2026: Restarting bot...
Mon Mar 16 02:19:31 UTC 2026: Bot restarted PID=4287
Mon Mar 16 02:20:13 UTC 2026: Restarting bot...
Mon Mar 16 02:20:13 UTC 2026: Bot restarted PID=4300
Mon Mar 16 02:20:31 UTC 2026: Restarting bot...
Mon Mar 16 02:20:31 UTC 2026: Bot restarted PID=4319
Mon Mar 16 02:21:13 UTC 2026: Restarting bot...
Mon Mar 16 02:21:13 UTC 2026: Bot restarted PID=4332
Mon Mar 16 02:21:31 UTC 2026: Restarting bot...
Mon Mar 16 02:21:31 UTC 2026: Bot restarted PID=4345
Mon Mar 16 02:22:13 UTC 2026: Restarting bot...
Mon Mar 16 02:22:13 UTC 2026: Bot restarted PID=4358
Mon Mar 16 02:22:31 UTC 2026: Restarting bot...
Mon Mar 16 02:22:31 UTC 2026: Bot restarted PID=4371
Mon Mar 16 02:23:13 UTC 2026: Restarting bot...
Mon Mar 16 02:23:13 UTC 2026: Bot restarted PID=4403
Mon Mar 16 02:23:31 UTC 2026: Restarting bot...
Mon Mar 16 02:23:31 UTC 2026: Bot restarted PID=4416
Mon Mar 16 02:24:13 UTC 2026: Restarting bot...
Mon Mar 16 02:24:13 UTC 2026: Bot restarted PID=4440
Mon Mar 16 02:24:31 UTC 2026: Restarting bot...
Mon Mar 16 02:24:31 UTC 2026: Bot restarted PID=4453
Mon Mar 16 02:25:13 UTC 2026: Restarting bot...
Mon Mar 16 02:25:13 UTC 2026: Bot restarted PID=4466
Mon Mar 16 02:25:31 UTC 2026: Restarting bot...
Mon Mar 16 02:25:31 UTC 2026: Bot restarted PID=4479
Mon Mar 16 02:26:13 UTC 2026: Restarting bot...
Mon Mar 16 02:26:13 UTC 2026: Bot restarted PID=4498
Mon Mar 16 02:26:31 UTC 2026: Restarting bot...
Mon Mar 16 02:26:31 UTC 2026: Bot restarted PID=4511
Mon Mar 16 02:27:13 UTC 2026: Restarting bot...
Mon Mar 16 02:27:13 UTC 2026: Bot restarted PID=4524
Mon Mar 16 02:27:31 UTC 2026: Restarting bot...
Mon Mar 16 02:27:31 UTC 2026: Bot restarted PID=4537
nohup: ignoring input
Mon Mar 16 02:27:51 UTC 2026: Restarting bot...
Mon Mar 16 02:27:51 UTC 2026: Bot restarted PID=4582
Mon Mar 16 02:28:13 UTC 2026: Restarting bot...
Mon Mar 16 02:28:13 UTC 2026: Bot restarted PID=4602
Mon Mar 16 02:28:31 UTC 2026: Restarting bot...
Mon Mar 16 02:28:31 UTC 2026: Bot restarted PID=4615
Mon Mar 16 02:28:51 UTC 2026: Restarting bot...
Mon Mar 16 02:28:51 UTC 2026: Bot restarted PID=4628
Mon Mar 16 02:29:13 UTC 2026: Restarting bot...
Mon Mar 16 02:29:13 UTC 2026: Bot restarted PID=4658
Mon Mar 16 02:29:31 UTC 2026: Restarting bot...
Mon Mar 16 02:29:31 UTC 2026: Bot restarted PID=4671
Mon Mar 16 02:29:51 UTC 2026: Restarting bot...
Mon Mar 16 02:29:51 UTC 2026: Bot restarted PID=4684
Mon Mar 16 02:30:13 UTC 2026: Restarting bot...
Mon Mar 16 02:30:13 UTC 2026: Bot restarted PID=4697
Mon Mar 16 02:30:31 UTC 2026: Restarting bot...
Mon Mar 16 02:30:31 UTC 2026: Bot restarted PID=4710
Mon Mar 16 02:30:51 UTC 2026: Restarting bot...
Mon Mar 16 02:30:51 UTC 2026: Bot restarted PID=4723
Mon Mar 16 02:31:13 UTC 2026: Restarting bot...
Mon Mar 16 02:31:13 UTC 2026: Bot restarted PID=4736
Mon Mar 16 02:31:31 UTC 2026: Restarting bot...
Mon Mar 16 02:31:31 UTC 2026: Bot restarted PID=4749
Mon Mar 16 02:31:51 UTC 2026: Restarting bot...
Mon Mar 16 02:31:51 UTC 2026: Bot restarted PID=4762
Mon Mar 16 02:32:13 UTC 2026: Restarting bot...
Mon Mar 16 02:32:13 UTC 2026: Bot restarted PID=4775
Mon Mar 16 02:32:31 UTC 2026: Restarting bot...
Mon Mar 16 02:32:31 UTC 2026: Bot restarted PID=4788
Mon Mar 16 02:32:51 UTC 2026: Restarting bot...
Mon Mar 16 02:32:51 UTC 2026: Bot restarted PID=4801
Mon Mar 16 02:33:13 UTC 2026: Restarting bot...
Mon Mar 16 02:33:13 UTC 2026: Bot restarted PID=4814
Mon Mar 16 02:33:32 UTC 2026: Restarting bot...
Mon Mar 16 02:33:32 UTC 2026: Bot restarted PID=4827
Mon Mar 16 02:34:13 UTC 2026: Restarting bot...
Mon Mar 16 02:34:13 UTC 2026: Bot restarted PID=4851
Mon Mar 16 02:34:52 UTC 2026: Restarting bot...
Mon Mar 16 02:34:52 UTC 2026: Bot restarted PID=4866
Mon Mar 16 02:35:32 UTC 2026: Restarting bot...
Mon Mar 16 02:35:32 UTC 2026: Bot restarted PID=4886
Mon Mar 16 02:36:14 UTC 2026: Restarting bot...
Mon Mar 16 02:36:14 UTC 2026: Bot restarted PID=4903
Mon Mar 16 02:36:52 UTC 2026: Restarting bot...
Mon Mar 16 02:36:52 UTC 2026: Bot restarted PID=4918
Mon Mar 16 02:37:33 UTC 2026: Restarting bot...
Mon Mar 16 02:37:33 UTC 2026: Bot restarted PID=4933
Mon Mar 16 02:38:14 UTC 2026: Restarting bot...
Mon Mar 16 02:38:14 UTC 2026: Bot restarted PID=4948
Mon Mar 16 02:38:52 UTC 2026: Restarting bot...
Mon Mar 16 02:38:52 UTC 2026: Bot restarted PID=4963
Mon Mar 16 02:39:33 UTC 2026: Restarting bot...
Mon Mar 16 02:39:33 UTC 2026: Bot restarted PID=4978
Mon Mar 16 02:40:14 UTC 2026: Restarting bot...
Mon Mar 16 02:40:14 UTC 2026: Bot restarted PID=4993
Mon Mar 16 02:40:53 UTC 2026: Restarting bot...
Mon Mar 16 02:40:53 UTC 2026: Bot restarted PID=5008
Mon Mar 16 02:41:33 UTC 2026: Restarting bot...
Mon Mar 16 02:41:33 UTC 2026: Bot restarted PID=5023
Mon Mar 16 02:42:15 UTC 2026: Restarting bot...
Mon Mar 16 02:42:15 UTC 2026: Bot restarted PID=5038
Mon Mar 16 02:42:53 UTC 2026: Restarting bot...
Mon Mar 16 02:42:53 UTC 2026: Bot restarted PID=5053
Mon Mar 16 02:43:34 UTC 2026: Restarting bot...
Mon Mar 16 02:43:34 UTC 2026: Bot restarted PID=5068
Mon Mar 16 02:44:15 UTC 2026: Restarting bot...
Mon Mar 16 02:44:15 UTC 2026: Bot restarted PID=5083
Mon Mar 16 02:44:54 UTC 2026: Restarting bot...
Mon Mar 16 02:44:54 UTC 2026: Bot restarted PID=5098
Mon Mar 16 02:45:34 UTC 2026: Restarting bot...
Mon Mar 16 02:45:34 UTC 2026: Bot restarted PID=5113
Mon Mar 16 02:46:15 UTC 2026: Restarting bot...
Mon Mar 16 02:46:15 UTC 2026: Bot restarted PID=5128
Mon Mar 16 02:46:54 UTC 2026: Restarting bot...
Mon Mar 16 02:46:54 UTC 2026: Bot restarted PID=5143
Mon Mar 16 02:47:35 UTC 2026: Restarting bot...
Mon Mar 16 02:47:35 UTC 2026: Bot restarted PID=5158
Mon Mar 16 02:48:16 UTC 2026: Restarting bot...
Mon Mar 16 02:48:16 UTC 2026: Bot restarted PID=5173
Mon Mar 16 02:48:54 UTC 2026: Restarting bot...
Mon Mar 16 02:48:54 UTC 2026: Bot restarted PID=5188
Mon Mar 16 02:49:35 UTC 2026: Restarting bot...
Mon Mar 16 02:49:35 UTC 2026: Bot restarted PID=5203
Mon Mar 16 02:50:16 UTC 2026: Restarting bot...
Mon Mar 16 02:50:16 UTC 2026: Bot restarted PID=5218
Mon Mar 16 02:50:55 UTC 2026: Restarting bot...
Mon Mar 16 02:50:55 UTC 2026: Bot restarted PID=5233
Mon Mar 16 02:51:36 UTC 2026: Restarting bot...
Mon Mar 16 02:51:36 UTC 2026: Bot restarted PID=5248
Mon Mar 16 02:52:17 UTC 2026: Restarting bot...
Mon Mar 16 02:52:17 UTC 2026: Bot restarted PID=5263
Mon Mar 16 02:52:55 UTC 2026: Restarting bot...
Mon Mar 16 02:52:55 UTC 2026: Bot restarted PID=5278
Mon Mar 16 02:53:36 UTC 2026: Restarting bot...
Mon Mar 16 02:53:36 UTC 2026: Bot restarted PID=5293
Mon Mar 16 02:54:17 UTC 2026: Restarting bot...
Mon Mar 16 02:54:17 UTC 2026: Bot restarted PID=5308
Mon Mar 16 02:54:55 UTC 2026: Restarting bot...
Mon Mar 16 02:54:55 UTC 2026: Bot restarted PID=5323
Mon Mar 16 02:55:37 UTC 2026: Restarting bot...
Mon Mar 16 02:55:37 UTC 2026: Bot restarted PID=5338
Mon Mar 16 02:56:18 UTC 2026: Restarting bot...
Mon Mar 16 02:56:18 UTC 2026: Bot restarted PID=5353
Mon Mar 16 02:56:56 UTC 2026: Restarting bot...
Mon Mar 16 02:56:56 UTC 2026: Bot restarted PID=5368
Mon Mar 16 02:57:37 UTC 2026: Restarting bot...
Mon Mar 16 02:57:37 UTC 2026: Bot restarted PID=5383
Mon Mar 16 02:58:18 UTC 2026: Restarting bot...
Mon Mar 16 02:58:18 UTC 2026: Bot restarted PID=5398
Mon Mar 16 02:58:56 UTC 2026: Restarting bot...
Mon Mar 16 02:58:56 UTC 2026: Bot restarted PID=5413
Mon Mar 16 02:59:37 UTC 2026: Restarting bot...
Mon Mar 16 02:59:37 UTC 2026: Bot restarted PID=5428
Mon Mar 16 03:00:18 UTC 2026: Restarting bot...
Mon Mar 16 03:00:18 UTC 2026: Bot restarted PID=5443
Mon Mar 16 03:00:57 UTC 2026: Restarting bot...
Mon Mar 16 03:00:57 UTC 2026: Bot restarted PID=5458
Mon Mar 16 03:01:38 UTC 2026: Restarting bot...
Mon Mar 16 03:01:38 UTC 2026: Bot restarted PID=5473
Mon Mar 16 03:02:19 UTC 2026: Restarting bot...
Mon Mar 16 03:02:19 UTC 2026: Bot restarted PID=5488
Mon Mar 16 03:02:57 UTC 2026: Restarting bot...
Mon Mar 16 03:02:57 UTC 2026: Bot restarted PID=5503
Mon Mar 16 03:03:38 UTC 2026: Restarting bot...
Mon Mar 16 03:03:38 UTC 2026: Bot restarted PID=5518
Mon Mar 16 03:04:19 UTC 2026: Restarting bot...
Mon Mar 16 03:04:19 UTC 2026: Bot restarted PID=5533
Mon Mar 16 03:04:57 UTC 2026: Restarting bot...
Mon Mar 16 03:04:57 UTC 2026: Bot restarted PID=5548
Mon Mar 16 03:05:39 UTC 2026: Restarting bot...
Mon Mar 16 03:05:39 UTC 2026: Bot restarted PID=5563
Mon Mar 16 03:06:20 UTC 2026: Restarting bot...
Mon Mar 16 03:06:20 UTC 2026: Bot restarted PID=5578
Mon Mar 16 03:06:58 UTC 2026: Restarting bot...
Mon Mar 16 03:06:58 UTC 2026: Bot restarted PID=5593
Mon Mar 16 03:07:39 UTC 2026: Restarting bot...
Mon Mar 16 03:07:39 UTC 2026: Bot restarted PID=5608
Mon Mar 16 03:08:20 UTC 2026: Restarting bot...
Mon Mar 16 03:08:20 UTC 2026: Bot restarted PID=5623
Mon Mar 16 03:08:58 UTC 2026: Restarting bot...
Mon Mar 16 03:08:58 UTC 2026: Bot restarted PID=5638
Mon Mar 16 03:09:39 UTC 2026: Restarting bot...
Mon Mar 16 03:09:39 UTC 2026: Bot restarted PID=5653
Mon Mar 16 03:10:21 UTC 2026: Restarting bot...
Mon Mar 16 03:10:21 UTC 2026: Bot restarted PID=5668
Mon Mar 16 03:10:59 UTC 2026: Restarting bot...
Mon Mar 16 03:10:59 UTC 2026: Bot restarted PID=5683
Mon Mar 16 03:11:40 UTC 2026: Restarting bot...
Mon Mar 16 03:11:40 UTC 2026: Bot restarted PID=5698
Mon Mar 16 03:12:21 UTC 2026: Restarting bot...
Mon Mar 16 03:12:21 UTC 2026: Bot restarted PID=5713
Mon Mar 16 03:13:00 UTC 2026: Restarting bot...
Mon Mar 16 03:13:00 UTC 2026: Bot restarted PID=5728
Mon Mar 16 03:13:40 UTC 2026: Restarting bot...
Mon Mar 16 03:13:40 UTC 2026: Bot restarted PID=5743
Mon Mar 16 03:14:21 UTC 2026: Restarting bot...
Mon Mar 16 03:14:21 UTC 2026: Bot restarted PID=5758
Mon Mar 16 03:15:00 UTC 2026: Restarting bot...
Mon Mar 16 03:15:00 UTC 2026: Bot restarted PID=5773
Mon Mar 16 03:15:41 UTC 2026: Restarting bot...
Mon Mar 16 03:15:41 UTC 2026: Bot restarted PID=5788
Mon Mar 16 03:16:22 UTC 2026: Restarting bot...
Mon Mar 16 03:16:22 UTC 2026: Bot restarted PID=5803
Mon Mar 16 03:17:01 UTC 2026: Restarting bot...
Mon Mar 16 03:17:01 UTC 2026: Bot restarted PID=5818
Mon Mar 16 03:17:41 UTC 2026: Restarting bot...
Mon Mar 16 03:17:41 UTC 2026: Bot restarted PID=5833
Mon Mar 16 03:18:22 UTC 2026: Restarting bot...
Mon Mar 16 03:18:22 UTC 2026: Bot restarted PID=5848
Mon Mar 16 03:19:01 UTC 2026: Restarting bot...
Mon Mar 16 03:19:01 UTC 2026: Bot restarted PID=5863
Mon Mar 16 03:19:41 UTC 2026: Restarting bot...
Mon Mar 16 03:19:41 UTC 2026: Bot restarted PID=5878
Mon Mar 16 03:20:22 UTC 2026: Restarting bot...
Mon Mar 16 03:20:22 UTC 2026: Bot restarted PID=5893
Mon Mar 16 03:21:02 UTC 2026: Restarting bot...
Mon Mar 16 03:21:02 UTC 2026: Bot restarted PID=5908
Mon Mar 16 03:21:42 UTC 2026: Restarting bot...
Mon Mar 16 03:21:42 UTC 2026: Bot restarted PID=5923
Mon Mar 16 03:22:23 UTC 2026: Restarting bot...
Mon Mar 16 03:22:23 UTC 2026: Bot restarted PID=5938
Mon Mar 16 03:23:02 UTC 2026: Restarting bot...
Mon Mar 16 03:23:02 UTC 2026: Bot restarted PID=5953
Mon Mar 16 03:23:42 UTC 2026: Restarting bot...
Mon Mar 16 03:23:42 UTC 2026: Bot restarted PID=5968
Mon Mar 16 03:24:23 UTC 2026: Restarting bot...
Mon Mar 16 03:24:23 UTC 2026: Bot restarted PID=5983
Mon Mar 16 03:25:02 UTC 2026: Restarting bot...
Mon Mar 16 03:25:03 UTC 2026: Bot restarted PID=5998
Mon Mar 16 03:25:43 UTC 2026: Restarting bot...
Mon Mar 16 03:25:43 UTC 2026: Bot restarted PID=6013
Mon Mar 16 03:26:23 UTC 2026: Restarting bot...
Mon Mar 16 03:26:23 UTC 2026: Bot restarted PID=6028
Mon Mar 16 03:27:03 UTC 2026: Restarting bot...
Mon Mar 16 03:27:03 UTC 2026: Bot restarted PID=6043
Mon Mar 16 03:27:43 UTC 2026: Restarting bot...
Mon Mar 16 03:27:43 UTC 2026: Bot restarted PID=6058
Mon Mar 16 03:28:24 UTC 2026: Restarting bot...
Mon Mar 16 03:28:24 UTC 2026: Bot restarted PID=6073
Mon Mar 16 03:29:03 UTC 2026: Restarting bot...
Mon Mar 16 03:29:03 UTC 2026: Bot restarted PID=6088
Mon Mar 16 03:29:43 UTC 2026: Restarting bot...
Mon Mar 16 03:29:43 UTC 2026: Bot restarted PID=6103
Mon Mar 16 03:30:24 UTC 2026: Restarting bot...
Mon Mar 16 03:30:24 UTC 2026: Bot restarted PID=6118
Mon Mar 16 03:31:04 UTC 2026: Restarting bot...
Mon Mar 16 03:31:04 UTC 2026: Bot restarted PID=6133
Mon Mar 16 03:31:44 UTC 2026: Restarting bot...
Mon Mar 16 03:31:44 UTC 2026: Bot restarted PID=6148
Mon Mar 16 03:32:24 UTC 2026: Restarting bot...
Mon Mar 16 03:32:24 UTC 2026: Bot restarted PID=6163
Mon Mar 16 03:33:04 UTC 2026: Restarting bot...
Mon Mar 16 03:33:04 UTC 2026: Bot restarted PID=6178
Mon Mar 16 03:33:44 UTC 2026: Restarting bot...
Mon Mar 16 03:33:44 UTC 2026: Bot restarted PID=6193
Mon Mar 16 03:34:25 UTC 2026: Restarting bot...
Mon Mar 16 03:34:25 UTC 2026: Bot restarted PID=6208
Mon Mar 16 03:35:05 UTC 2026: Restarting bot...
Mon Mar 16 03:35:05 UTC 2026: Bot restarted PID=6223
Mon Mar 16 03:35:45 UTC 2026: Restarting bot...
Mon Mar 16 03:35:45 UTC 2026: Bot restarted PID=6238
Mon Mar 16 03:36:25 UTC 2026: Restarting bot...
Mon Mar 16 03:36:25 UTC 2026: Bot restarted PID=6253
Mon Mar 16 03:37:05 UTC 2026: Restarting bot...
Mon Mar 16 03:37:05 UTC 2026: Bot restarted PID=6268
Mon Mar 16 03:37:45 UTC 2026: Restarting bot...
Mon Mar 16 03:37:45 UTC 2026: Bot restarted PID=6283
Mon Mar 16 03:38:26 UTC 2026: Restarting bot...
Mon Mar 16 03:38:26 UTC 2026: Bot restarted PID=6298
Mon Mar 16 03:39:06 UTC 2026: Restarting bot...
Mon Mar 16 03:39:06 UTC 2026: Bot restarted PID=6313
Mon Mar 16 03:39:45 UTC 2026: Restarting bot...
Mon Mar 16 03:39:45 UTC 2026: Bot restarted PID=6328
Mon Mar 16 03:40:26 UTC 2026: Restarting bot...
Mon Mar 16 03:40:26 UTC 2026: Bot restarted PID=6343
Mon Mar 16 03:41:06 UTC 2026: Restarting bot...
Mon Mar 16 03:41:06 UTC 2026: Bot restarted PID=6358
Mon Mar 16 03:41:46 UTC 2026: Restarting bot...
Mon Mar 16 03:41:46 UTC 2026: Bot restarted PID=6373
Mon Mar 16 03:42:26 UTC 2026: Restarting bot...
Mon Mar 16 03:42:27 UTC 2026: Bot restarted PID=6388
Mon Mar 16 03:43:06 UTC 2026: Restarting bot...
Mon Mar 16 03:43:06 UTC 2026: Bot restarted PID=6403
Mon Mar 16 03:43:46 UTC 2026: Restarting bot...
Mon Mar 16 03:43:46 UTC 2026: Bot restarted PID=6418
Mon Mar 16 03:44:27 UTC 2026: Restarting bot...
Mon Mar 16 03:44:27 UTC 2026: Bot restarted PID=6433
Mon Mar 16 03:45:07 UTC 2026: Restarting bot...
Mon Mar 16 03:45:07 UTC 2026: Bot restarted PID=6448
Mon Mar 16 03:45:46 UTC 2026: Restarting bot...
Mon Mar 16 03:45:46 UTC 2026: Bot restarted PID=6463
Mon Mar 16 03:46:27 UTC 2026: Restarting bot...
Mon Mar 16 03:46:27 UTC 2026: Bot restarted PID=6478
Mon Mar 16 03:47:07 UTC 2026: Restarting bot...
Mon Mar 16 03:47:07 UTC 2026: Bot restarted PID=6493
Mon Mar 16 03:47:47 UTC 2026: Restarting bot...
Mon Mar 16 03:47:47 UTC 2026: Bot restarted PID=6508
Mon Mar 16 03:48:28 UTC 2026: Restarting bot...
Mon Mar 16 03:48:28 UTC 2026: Bot restarted PID=6523
Mon Mar 16 03:49:07 UTC 2026: Restarting bot...
Mon Mar 16 03:49:07 UTC 2026: Bot restarted PID=6538
Mon Mar 16 03:49:47 UTC 2026: Restarting bot...
Mon Mar 16 03:49:47 UTC 2026: Bot restarted PID=6553
Mon Mar 16 03:50:28 UTC 2026: Restarting bot...
Mon Mar 16 03:50:28 UTC 2026: Bot restarted PID=6568
Mon Mar 16 03:51:08 UTC 2026: Restarting bot...
Mon Mar 16 03:51:08 UTC 2026: Bot restarted PID=6583
Mon Mar 16 03:51:48 UTC 2026: Restarting bot...
Mon Mar 16 03:51:48 UTC 2026: Bot restarted PID=6598
Mon Mar 16 03:52:28 UTC 2026: Restarting bot...
Mon Mar 16 03:52:28 UTC 2026: Bot restarted PID=6613
Mon Mar 16 03:53:08 UTC 2026: Restarting bot...
Mon Mar 16 03:53:08 UTC 2026: Bot restarted PID=6628
Mon Mar 16 03:53:48 UTC 2026: Restarting bot...
Mon Mar 16 03:53:48 UTC 2026: Bot restarted PID=6643
Mon Mar 16 03:54:29 UTC 2026: Restarting bot...
Mon Mar 16 03:54:29 UTC 2026: Bot restarted PID=6658
Mon Mar 16 03:55:09 UTC 2026: Restarting bot...
Mon Mar 16 03:55:09 UTC 2026: Bot restarted PID=6673
Mon Mar 16 03:55:48 UTC 2026: Restarting bot...
Mon Mar 16 03:55:48 UTC 2026: Bot restarted PID=6688
Mon Mar 16 03:56:29 UTC 2026: Restarting bot...
Mon Mar 16 03:56:29 UTC 2026: Bot restarted PID=6703
Mon Mar 16 03:57:09 UTC 2026: Restarting bot...
Mon Mar 16 03:57:09 UTC 2026: Bot restarted PID=6718
Mon Mar 16 03:57:49 UTC 2026: Restarting bot...
Mon Mar 16 03:57:49 UTC 2026: Bot restarted PID=6733
Mon Mar 16 03:58:29 UTC 2026: Restarting bot...
Mon Mar 16 03:58:29 UTC 2026: Bot restarted PID=6748
Mon Mar 16 03:59:09 UTC 2026: Restarting bot...
Mon Mar 16 03:59:09 UTC 2026: Bot restarted PID=6763
Mon Mar 16 03:59:49 UTC 2026: Restarting bot...
Mon Mar 16 03:59:49 UTC 2026: Bot restarted PID=6778
Mon Mar 16 04:00:30 UTC 2026: Restarting bot...
Mon Mar 16 04:00:30 UTC 2026: Bot restarted PID=6793
Mon Mar 16 04:01:10 UTC 2026: Restarting bot...
Mon Mar 16 04:01:10 UTC 2026: Bot restarted PID=6808
Mon Mar 16 04:01:49 UTC 2026: Restarting bot...
Mon Mar 16 04:01:49 UTC 2026: Bot restarted PID=6823
Mon Mar 16 04:02:30 UTC 2026: Restarting bot...
Mon Mar 16 04:02:30 UTC 2026: Bot restarted PID=6838
Mon Mar 16 04:03:10 UTC 2026: Restarting bot...
Mon Mar 16 04:03:10 UTC 2026: Bot restarted PID=6853
Mon Mar 16 04:03:50 UTC 2026: Restarting bot...
Mon Mar 16 04:03:50 UTC 2026: Bot restarted PID=6868
Mon Mar 16 04:04:30 UTC 2026: Restarting bot...
Mon Mar 16 04:04:30 UTC 2026: Bot restarted PID=6883
Mon Mar 16 04:05:11 UTC 2026: Restarting bot...
Mon Mar 16 04:05:11 UTC 2026: Bot restarted PID=6898
Mon Mar 16 04:05:50 UTC 2026: Restarting bot...
Mon Mar 16 04:05:50 UTC 2026: Bot restarted PID=6913
Mon Mar 16 04:06:31 UTC 2026: Restarting bot...
Mon Mar 16 04:06:31 UTC 2026: Bot restarted PID=6928
Mon Mar 16 04:07:11 UTC 2026: Restarting bot...
Mon Mar 16 04:07:11 UTC 2026: Bot restarted PID=6943
Mon Mar 16 04:07:51 UTC 2026: Restarting bot...
Mon Mar 16 04:07:51 UTC 2026: Bot restarted PID=6958
Mon Mar 16 04:08:31 UTC 2026: Restarting bot...
Mon Mar 16 04:08:31 UTC 2026: Bot restarted PID=6973
Mon Mar 16 04:09:11 UTC 2026: Restarting bot...
Mon Mar 16 04:09:12 UTC 2026: Bot restarted PID=6988
Mon Mar 16 04:09:52 UTC 2026: Restarting bot...
Mon Mar 16 04:09:52 UTC 2026: Bot restarted PID=7003
Mon Mar 16 04:10:31 UTC 2026: Restarting bot...
Mon Mar 16 04:10:31 UTC 2026: Bot restarted PID=7018
Mon Mar 16 04:11:12 UTC 2026: Restarting bot...
Mon Mar 16 04:11:12 UTC 2026: Bot restarted PID=7033
Mon Mar 16 04:11:52 UTC 2026: Restarting bot...
Mon Mar 16 04:11:52 UTC 2026: Bot restarted PID=7048
Mon Mar 16 04:12:31 UTC 2026: Restarting bot...
Mon Mar 16 04:12:31 UTC 2026: Bot restarted PID=7063
Mon Mar 16 04:13:12 UTC 2026: Restarting bot...
Mon Mar 16 04:13:12 UTC 2026: Bot restarted PID=7078
Mon Mar 16 04:13:53 UTC 2026: Restarting bot...
Mon Mar 16 04:13:53 UTC 2026: Bot restarted PID=7093
Mon Mar 16 04:14:32 UTC 2026: Restarting bot...
Mon Mar 16 04:14:32 UTC 2026: Bot restarted PID=7108
Mon Mar 16 04:15:13 UTC 2026: Restarting bot...
Mon Mar 16 04:15:13 UTC 2026: Bot restarted PID=7123
Mon Mar 16 04:15:53 UTC 2026: Restarting bot...
Mon Mar 16 04:15:53 UTC 2026: Bot restarted PID=7138
Mon Mar 16 04:16:32 UTC 2026: Restarting bot...
Mon Mar 16 04:16:32 UTC 2026: Bot restarted PID=7153
Mon Mar 16 04:17:13 UTC 2026: Restarting bot...
Mon Mar 16 04:17:13 UTC 2026: Bot restarted PID=7168
Mon Mar 16 04:17:53 UTC 2026: Restarting bot...
Mon Mar 16 04:17:53 UTC 2026: Bot restarted PID=7183
Mon Mar 16 04:18:33 UTC 2026: Restarting bot...
Mon Mar 16 04:18:33 UTC 2026: Bot restarted PID=7198
Mon Mar 16 04:19:13 UTC 2026: Restarting bot...
Mon Mar 16 04:19:13 UTC 2026: Bot restarted PID=7213
Mon Mar 16 04:19:54 UTC 2026: Restarting bot...
Mon Mar 16 04:19:54 UTC 2026: Bot restarted PID=7228
Mon Mar 16 04:20:33 UTC 2026: Restarting bot...
Mon Mar 16 04:20:33 UTC 2026: Bot restarted PID=7243
Mon Mar 16 04:21:14 UTC 2026: Restarting bot...
Mon Mar 16 04:21:14 UTC 2026: Bot restarted PID=7258
Mon Mar 16 04:21:54 UTC 2026: Restarting bot...
Mon Mar 16 04:21:54 UTC 2026: Bot restarted PID=7273
Mon Mar 16 04:22:33 UTC 2026: Restarting bot...
Mon Mar 16 04:22:33 UTC 2026: Bot restarted PID=7288
Mon Mar 16 04:23:14 UTC 2026: Restarting bot...
Mon Mar 16 04:23:14 UTC 2026: Bot restarted PID=7303
Mon Mar 16 04:23:54 UTC 2026: Restarting bot...
Mon Mar 16 04:23:54 UTC 2026: Bot restarted PID=7318
Mon Mar 16 04:24:34 UTC 2026: Restarting bot...
Mon Mar 16 04:24:34 UTC 2026: Bot restarted PID=7333
Mon Mar 16 04:25:15 UTC 2026: Restarting bot...
Mon Mar 16 04:25:15 UTC 2026: Bot restarted PID=7348
Mon Mar 16 04:25:55 UTC 2026: Restarting bot...
Mon Mar 16 04:25:55 UTC 2026: Bot restarted PID=7363
Mon Mar 16 04:26:34 UTC 2026: Restarting bot...
Mon Mar 16 04:26:34 UTC 2026: Bot restarted PID=7378
Mon Mar 16 04:27:15 UTC 2026: Restarting bot...
Mon Mar 16 04:27:15 UTC 2026: Bot restarted PID=7393
Mon Mar 16 04:27:55 UTC 2026: Restarting bot...
Mon Mar 16 04:27:56 UTC 2026: Bot restarted PID=7408
Mon Mar 16 04:28:35 UTC 2026: Restarting bot...
Mon Mar 16 04:28:35 UTC 2026: Bot restarted PID=7423
Mon Mar 16 04:29:15 UTC 2026: Restarting bot...
Mon Mar 16 04:29:15 UTC 2026: Bot restarted PID=7438
Mon Mar 16 04:29:56 UTC 2026: Restarting bot...
Mon Mar 16 04:29:56 UTC 2026: Bot restarted PID=7453
Mon Mar 16 04:30:35 UTC 2026: Restarting bot...
Mon Mar 16 04:30:35 UTC 2026: Bot restarted PID=7468
Mon Mar 16 04:31:16 UTC 2026: Restarting bot...
Mon Mar 16 04:31:16 UTC 2026: Bot restarted PID=7483
Mon Mar 16 04:31:56 UTC 2026: Restarting bot...
Mon Mar 16 04:31:56 UTC 2026: Bot restarted PID=7498
Mon Mar 16 04:32:36 UTC 2026: Restarting bot...
Mon Mar 16 04:32:36 UTC 2026: Bot restarted PID=7513
Mon Mar 16 04:33:16 UTC 2026: Restarting bot...
Mon Mar 16 04:33:16 UTC 2026: Bot restarted PID=7528
Mon Mar 16 04:33:57 UTC 2026: Restarting bot...
Mon Mar 16 04:33:57 UTC 2026: Bot restarted PID=7543
Mon Mar 16 04:34:36 UTC 2026: Restarting bot...
Mon Mar 16 04:34:36 UTC 2026: Bot restarted PID=7558
Mon Mar 16 04:35:17 UTC 2026: Restarting bot...
Mon Mar 16 04:35:17 UTC 2026: Bot restarted PID=7573
Mon Mar 16 04:35:57 UTC 2026: Restarting bot...
Mon Mar 16 04:35:57 UTC 2026: Bot restarted PID=7588
Mon Mar 16 04:36:36 UTC 2026: Restarting bot...
Mon Mar 16 04:36:36 UTC 2026: Bot restarted PID=7603
Mon Mar 16 04:37:17 UTC 2026: Restarting bot...
Mon Mar 16 04:37:17 UTC 2026: Bot restarted PID=7618
Mon Mar 16 04:37:58 UTC 2026: Restarting bot...
Mon Mar 16 04:37:58 UTC 2026: Bot restarted PID=7633
Mon Mar 16 04:38:37 UTC 2026: Restarting bot...
Mon Mar 16 04:38:37 UTC 2026: Bot restarted PID=7648
Mon Mar 16 04:39:18 UTC 2026: Restarting bot...
Mon Mar 16 04:39:18 UTC 2026: Bot restarted PID=7663
Mon Mar 16 04:39:58 UTC 2026: Restarting bot...
Mon Mar 16 04:39:58 UTC 2026: Bot restarted PID=7678
Mon Mar 16 04:40:37 UTC 2026: Restarting bot...
Mon Mar 16 04:40:37 UTC 2026: Bot restarted PID=7693
Mon Mar 16 04:41:18 UTC 2026: Restarting bot...
Mon Mar 16 04:41:18 UTC 2026: Bot restarted PID=7708
Mon Mar 16 04:41:58 UTC 2026: Restarting bot...
Mon Mar 16 04:41:58 UTC 2026: Bot restarted PID=7723
Mon Mar 16 04:42:37 UTC 2026: Restarting bot...
Mon Mar 16 04:42:38 UTC 2026: Bot restarted PID=7738
Mon Mar 16 04:43:18 UTC 2026: Restarting bot...
Mon Mar 16 04:43:18 UTC 2026: Bot restarted PID=7753
Mon Mar 16 04:43:59 UTC 2026: Restarting bot...
Mon Mar 16 04:43:59 UTC 2026: Bot restarted PID=7768
Mon Mar 16 04:44:38 UTC 2026: Restarting bot...
Mon Mar 16 04:44:38 UTC 2026: Bot restarted PID=7783
Mon Mar 16 04:45:19 UTC 2026: Restarting bot...
Mon Mar 16 04:45:19 UTC 2026: Bot restarted PID=7798
Mon Mar 16 04:46:00 UTC 2026: Restarting bot...
Mon Mar 16 04:46:00 UTC 2026: Bot restarted PID=7813
Mon Mar 16 04:46:38 UTC 2026: Restarting bot...
Mon Mar 16 04:46:38 UTC 2026: Bot restarted PID=7828
Mon Mar 16 04:47:19 UTC 2026: Restarting bot...
Mon Mar 16 04:47:19 UTC 2026: Bot restarted PID=7843
Mon Mar 16 04:48:00 UTC 2026: Restarting bot...
Mon Mar 16 04:48:00 UTC 2026: Bot restarted PID=7858
Mon Mar 16 04:48:39 UTC 2026: Restarting bot...
Mon Mar 16 04:48:39 UTC 2026: Bot restarted PID=7873
Mon Mar 16 04:49:19 UTC 2026: Restarting bot...
Mon Mar 16 04:49:19 UTC 2026: Bot restarted PID=7888
Mon Mar 16 04:50:00 UTC 2026: Restarting bot...
Mon Mar 16 04:50:00 UTC 2026: Bot restarted PID=7903
Mon Mar 16 04:50:39 UTC 2026: Restarting bot...
Mon Mar 16 04:50:39 UTC 2026: Bot restarted PID=7918
Mon Mar 16 04:51:19 UTC 2026: Restarting bot...
Mon Mar 16 04:51:20 UTC 2026: Bot restarted PID=7933
Mon Mar 16 04:52:01 UTC 2026: Restarting bot...
Mon Mar 16 04:52:01 UTC 2026: Bot restarted PID=7948
Mon Mar 16 04:52:40 UTC 2026: Restarting bot...
Mon Mar 16 04:52:40 UTC 2026: Bot restarted PID=7963
Mon Mar 16 04:53:20 UTC 2026: Restarting bot...
Mon Mar 16 04:53:20 UTC 2026: Bot restarted PID=7978
Mon Mar 16 04:54:01 UTC 2026: Restarting bot...
Mon Mar 16 04:54:01 UTC 2026: Bot restarted PID=7993
Mon Mar 16 04:54:40 UTC 2026: Restarting bot...
Mon Mar 16 04:54:40 UTC 2026: Bot restarted PID=8008
Mon Mar 16 04:55:20 UTC 2026: Restarting bot...
Mon Mar 16 04:55:20 UTC 2026: Bot restarted PID=8023
Mon Mar 16 04:56:02 UTC 2026: Restarting bot...
Mon Mar 16 04:56:02 UTC 2026: Bot restarted PID=8038
Mon Mar 16 04:56:41 UTC 2026: Restarting bot...
Mon Mar 16 04:56:41 UTC 2026: Bot restarted PID=8053
Mon Mar 16 04:57:20 UTC 2026: Restarting bot...
Mon Mar 16 04:57:20 UTC 2026: Bot restarted PID=8068
Mon Mar 16 04:58:02 UTC 2026: Restarting bot...
Mon Mar 16 04:58:02 UTC 2026: Bot restarted PID=8083
Mon Mar 16 04:58:41 UTC 2026: Restarting bot...
Mon Mar 16 04:58:41 UTC 2026: Bot restarted PID=8098
Mon Mar 16 04:59:21 UTC 2026: Restarting bot...
Mon Mar 16 04:59:21 UTC 2026: Bot restarted PID=8113
Mon Mar 16 05:00:03 UTC 2026: Restarting bot...
Mon Mar 16 05:00:03 UTC 2026: Bot restarted PID=8128
Mon Mar 16 05:00:42 UTC 2026: Restarting bot...
Mon Mar 16 05:00:42 UTC 2026: Bot restarted PID=8143
Mon Mar 16 05:01:21 UTC 2026: Restarting bot...
Mon Mar 16 05:01:21 UTC 2026: Bot restarted PID=8158
Mon Mar 16 05:02:04 UTC 2026: Restarting bot...
Mon Mar 16 05:02:04 UTC 2026: Bot restarted PID=8173
Mon Mar 16 05:02:42 UTC 2026: Restarting bot...
Mon Mar 16 05:02:42 UTC 2026: Bot restarted PID=8188
Mon Mar 16 05:03:21 UTC 2026: Restarting bot...
Mon Mar 16 05:03:21 UTC 2026: Bot restarted PID=8203
Mon Mar 16 05:04:04 UTC 2026: Restarting bot...
Mon Mar 16 05:04:04 UTC 2026: Bot restarted PID=8218
Mon Mar 16 05:04:42 UTC 2026: Restarting bot...
Mon Mar 16 05:04:42 UTC 2026: Bot restarted PID=8233
Mon Mar 16 05:05:22 UTC 2026: Restarting bot...
Mon Mar 16 05:05:22 UTC 2026: Bot restarted PID=8248
Mon Mar 16 05:06:04 UTC 2026: Restarting bot...
Mon Mar 16 05:06:04 UTC 2026: Bot restarted PID=8263
Mon Mar 16 05:06:42 UTC 2026: Restarting bot...
Mon Mar 16 05:06:42 UTC 2026: Bot restarted PID=8278
Mon Mar 16 05:07:22 UTC 2026: Restarting bot...
Mon Mar 16 05:07:22 UTC 2026: Bot restarted PID=8293
Mon Mar 16 05:08:05 UTC 2026: Restarting bot...
Mon Mar 16 05:08:05 UTC 2026: Bot restarted PID=8308
Mon Mar 16 05:08:43 UTC 2026: Restarting bot...
Mon Mar 16 05:08:43 UTC 2026: Bot restarted PID=8323
Mon Mar 16 05:09:23 UTC 2026: Restarting bot...
Mon Mar 16 05:09:23 UTC 2026: Bot restarted PID=8338
Mon Mar 16 05:10:05 UTC 2026: Restarting bot...
Mon Mar 16 05:10:05 UTC 2026: Bot restarted PID=8353
Mon Mar 16 05:10:43 UTC 2026: Restarting bot...
Mon Mar 16 05:10:44 UTC 2026: Bot restarted PID=8368
Mon Mar 16 05:11:23 UTC 2026: Restarting bot...
Mon Mar 16 05:11:23 UTC 2026: Bot restarted PID=8383
Mon Mar 16 05:12:05 UTC 2026: Restarting bot...
Mon Mar 16 05:12:05 UTC 2026: Bot restarted PID=8398
Mon Mar 16 05:12:44 UTC 2026: Restarting bot...
Mon Mar 16 05:12:44 UTC 2026: Bot restarted PID=8413
Mon Mar 16 05:13:23 UTC 2026: Restarting bot...
Mon Mar 16 05:13:24 UTC 2026: Bot restarted PID=8428
Mon Mar 16 05:14:06 UTC 2026: Restarting bot...
Mon Mar 16 05:14:06 UTC 2026: Bot restarted PID=8443
Mon Mar 16 05:14:44 UTC 2026: Restarting bot...
Mon Mar 16 05:14:44 UTC 2026: Bot restarted PID=8458
Mon Mar 16 05:15:24 UTC 2026: Restarting bot...
Mon Mar 16 05:15:24 UTC 2026: Bot restarted PID=8473
Mon Mar 16 05:16:06 UTC 2026: Restarting bot...
Mon Mar 16 05:16:06 UTC 2026: Bot restarted PID=8488
Mon Mar 16 05:16:44 UTC 2026: Restarting bot...
Mon Mar 16 05:16:44 UTC 2026: Bot restarted PID=8503
Mon Mar 16 05:17:24 UTC 2026: Restarting bot...
Mon Mar 16 05:17:24 UTC 2026: Bot restarted PID=8518
Mon Mar 16 05:18:06 UTC 2026: Restarting bot...
Mon Mar 16 05:18:06 UTC 2026: Bot restarted PID=8533
Mon Mar 16 05:18:45 UTC 2026: Restarting bot...
Mon Mar 16 05:18:45 UTC 2026: Bot restarted PID=8548
Mon Mar 16 05:19:25 UTC 2026: Restarting bot...
Mon Mar 16 05:19:25 UTC 2026: Bot restarted PID=8563
Mon Mar 16 05:20:07 UTC 2026: Restarting bot...
Mon Mar 16 05:20:07 UTC 2026: Bot restarted PID=8578
Mon Mar 16 05:20:45 UTC 2026: Restarting bot...
Mon Mar 16 05:20:45 UTC 2026: Bot restarted PID=8593
Mon Mar 16 05:21:25 UTC 2026: Restarting bot...
Mon Mar 16 05:21:25 UTC 2026: Bot restarted PID=8608
Mon Mar 16 05:22:07 UTC 2026: Restarting bot...
Mon Mar 16 05:22:07 UTC 2026: Bot restarted PID=8623
Mon Mar 16 05:22:46 UTC 2026: Restarting bot...
Mon Mar 16 05:22:46 UTC 2026: Bot restarted PID=8638
Mon Mar 16 05:23:25 UTC 2026: Restarting bot...
Mon Mar 16 05:23:25 UTC 2026: Bot restarted PID=8653
Mon Mar 16 05:24:08 UTC 2026: Restarting bot...
Mon Mar 16 05:24:08 UTC 2026: Bot restarted PID=8668
Mon Mar 16 05:24:46 UTC 2026: Restarting bot...
Mon Mar 16 05:24:46 UTC 2026: Bot restarted PID=8683
Mon Mar 16 05:25:26 UTC 2026: Restarting bot...
Mon Mar 16 05:25:26 UTC 2026: Bot restarted PID=8698
Mon Mar 16 05:26:08 UTC 2026: Restarting bot...
Mon Mar 16 05:26:08 UTC 2026: Bot restarted PID=8713
Mon Mar 16 05:26:46 UTC 2026: Restarting bot...
Mon Mar 16 05:26:46 UTC 2026: Bot restarted PID=8728
Mon Mar 16 05:27:26 UTC 2026: Restarting bot...
Mon Mar 16 05:27:26 UTC 2026: Bot restarted PID=8743
Mon Mar 16 05:28:08 UTC 2026: Restarting bot...
Mon Mar 16 05:28:08 UTC 2026: Bot restarted PID=8758
Mon Mar 16 05:28:47 UTC 2026: Restarting bot...
Mon Mar 16 05:28:47 UTC 2026: Bot restarted PID=8773
Mon Mar 16 05:29:26 UTC 2026: Restarting bot...
Mon Mar 16 05:29:26 UTC 2026: Bot restarted PID=8788
Mon Mar 16 05:30:09 UTC 2026: Restarting bot...
Mon Mar 16 05:30:09 UTC 2026: Bot restarted PID=8803
Mon Mar 16 05:30:47 UTC 2026: Restarting bot...
Mon Mar 16 05:30:47 UTC 2026: Bot restarted PID=8818
Mon Mar 16 05:31:27 UTC 2026: Restarting bot...
Mon Mar 16 05:31:27 UTC 2026: Bot restarted PID=8833
Mon Mar 16 05:32:09 UTC 2026: Restarting bot...
Mon Mar 16 05:32:09 UTC 2026: Bot restarted PID=8848
Mon Mar 16 05:32:47 UTC 2026: Restarting bot...
Mon Mar 16 05:32:47 UTC 2026: Bot restarted PID=8863
Mon Mar 16 05:33:27 UTC 2026: Restarting bot...
Mon Mar 16 05:33:27 UTC 2026: Bot restarted PID=8878
Mon Mar 16 05:34:10 UTC 2026: Restarting bot...
Mon Mar 16 05:34:10 UTC 2026: Bot restarted PID=8893
Mon Mar 16 05:34:48 UTC 2026: Restarting bot...
Mon Mar 16 05:34:48 UTC 2026: Bot restarted PID=8908
Mon Mar 16 05:35:27 UTC 2026: Restarting bot...
Mon Mar 16 05:35:27 UTC 2026: Bot restarted PID=8923
Mon Mar 16 05:36:10 UTC 2026: Restarting bot...
Mon Mar 16 05:36:11 UTC 2026: Bot restarted PID=8938
Mon Mar 16 05:36:48 UTC 2026: Restarting bot...
Mon Mar 16 05:36:48 UTC 2026: Bot restarted PID=8953
Mon Mar 16 05:37:28 UTC 2026: Restarting bot...
Mon Mar 16 05:37:28 UTC 2026: Bot restarted PID=8968
Mon Mar 16 05:38:11 UTC 2026: Restarting bot...
Mon Mar 16 05:38:11 UTC 2026: Bot restarted PID=8983
Mon Mar 16 05:38:48 UTC 2026: Restarting bot...
Mon Mar 16 05:38:48 UTC 2026: Bot restarted PID=8998
Mon Mar 16 05:39:28 UTC 2026: Restarting bot...
Mon Mar 16 05:39:28 UTC 2026: Bot restarted PID=9013
Mon Mar 16 05:40:11 UTC 2026: Restarting bot...
Mon Mar 16 05:40:11 UTC 2026: Bot restarted PID=9028
Mon Mar 16 05:40:49 UTC 2026: Restarting bot...
Mon Mar 16 05:40:49 UTC 2026: Bot restarted PID=9043
Mon Mar 16 05:41:29 UTC 2026: Restarting bot...
Mon Mar 16 05:41:29 UTC 2026: Bot restarted PID=9058
Mon Mar 16 05:42:12 UTC 2026: Restarting bot...
Mon Mar 16 05:42:12 UTC 2026: Bot restarted PID=9073
Mon Mar 16 05:42:49 UTC 2026: Restarting bot...
Mon Mar 16 05:42:49 UTC 2026: Bot restarted PID=9088
Mon Mar 16 05:43:30 UTC 2026: Restarting bot...
Mon Mar 16 05:43:30 UTC 2026: Bot restarted PID=9103
Mon Mar 16 05:44:12 UTC 2026: Restarting bot...
Mon Mar 16 05:44:12 UTC 2026: Bot restarted PID=9118
Mon Mar 16 05:44:49 UTC 2026: Restarting bot...
Mon Mar 16 05:44:50 UTC 2026: Bot restarted PID=9133
Mon Mar 16 05:45:30 UTC 2026: Restarting bot...
Mon Mar 16 05:45:30 UTC 2026: Bot restarted PID=9148
Mon Mar 16 05:46:13 UTC 2026: Restarting bot...
Mon Mar 16 05:46:13 UTC 2026: Bot restarted PID=9163
Mon Mar 16 05:46:50 UTC 2026: Restarting bot...
Mon Mar 16 05:46:50 UTC 2026: Bot restarted PID=9178
Mon Mar 16 05:47:31 UTC 2026: Restarting bot...
Mon Mar 16 05:47:31 UTC 2026: Bot restarted PID=9193
Mon Mar 16 05:48:13 UTC 2026: Restarting bot...
Mon Mar 16 05:48:13 UTC 2026: Bot restarted PID=9208
Mon Mar 16 05:48:50 UTC 2026: Restarting bot...
Mon Mar 16 05:48:50 UTC 2026: Bot restarted PID=9223
Mon Mar 16 05:49:31 UTC 2026: Restarting bot...
Mon Mar 16 05:49:31 UTC 2026: Bot restarted PID=9238
Mon Mar 16 05:50:14 UTC 2026: Restarting bot...
Mon Mar 16 05:50:15 UTC 2026: Bot restarted PID=9253
Mon Mar 16 05:50:51 UTC 2026: Restarting bot...
Mon Mar 16 05:50:51 UTC 2026: Bot restarted PID=9268
Mon Mar 16 05:51:32 UTC 2026: Restarting bot...
Mon Mar 16 05:51:32 UTC 2026: Bot restarted PID=9283
Mon Mar 16 05:52:15 UTC 2026: Restarting bot...
Mon Mar 16 05:52:15 UTC 2026: Bot restarted PID=9298
Mon Mar 16 05:52:51 UTC 2026: Restarting bot...
Mon Mar 16 05:52:51 UTC 2026: Bot restarted PID=9313
Mon Mar 16 05:53:32 UTC 2026: Restarting bot...
Mon Mar 16 05:53:32 UTC 2026: Bot restarted PID=9328
Mon Mar 16 05:54:15 UTC 2026: Restarting bot...
Mon Mar 16 05:54:15 UTC 2026: Bot restarted PID=9343
Mon Mar 16 05:54:52 UTC 2026: Restarting bot...
Mon Mar 16 05:54:52 UTC 2026: Bot restarted PID=9358
Mon Mar 16 05:55:32 UTC 2026: Restarting bot...
Mon Mar 16 05:55:32 UTC 2026: Bot restarted PID=9373
Mon Mar 16 05:56:16 UTC 2026: Restarting bot...
Mon Mar 16 05:56:16 UTC 2026: Bot restarted PID=9388
Mon Mar 16 05:56:52 UTC 2026: Restarting bot...
Mon Mar 16 05:56:52 UTC 2026: Bot restarted PID=9403
Mon Mar 16 05:57:33 UTC 2026: Restarting bot...
Mon Mar 16 05:57:33 UTC 2026: Bot restarted PID=9418
Mon Mar 16 05:58:16 UTC 2026: Restarting bot...
Mon Mar 16 05:58:16 UTC 2026: Bot restarted PID=9433
Mon Mar 16 05:58:52 UTC 2026: Restarting bot...
Mon Mar 16 05:58:52 UTC 2026: Bot restarted PID=9448
Mon Mar 16 05:59:33 UTC 2026: Restarting bot...
Mon Mar 16 05:59:33 UTC 2026: Bot restarted PID=9463
Mon Mar 16 06:00:17 UTC 2026: Restarting bot...
Mon Mar 16 06:00:17 UTC 2026: Bot restarted PID=9478
Mon Mar 16 06:00:53 UTC 2026: Restarting bot...
Mon Mar 16 06:00:53 UTC 2026: Bot restarted PID=9493
Mon Mar 16 06:01:33 UTC 2026: Restarting bot...
Mon Mar 16 06:01:33 UTC 2026: Bot restarted PID=9508
Mon Mar 16 06:02:17 UTC 2026: Restarting bot...
Mon Mar 16 06:02:17 UTC 2026: Bot restarted PID=9523
Mon Mar 16 06:02:53 UTC 2026: Restarting bot...
Mon Mar 16 06:02:53 UTC 2026: Bot restarted PID=9538
Mon Mar 16 06:03:34 UTC 2026: Restarting bot...
Mon Mar 16 06:03:34 UTC 2026: Bot restarted PID=9553
Mon Mar 16 06:04:18 UTC 2026: Restarting bot...
Mon Mar 16 06:04:18 UTC 2026: Bot restarted PID=9568
Mon Mar 16 06:04:53 UTC 2026: Restarting bot...
Mon Mar 16 06:04:53 UTC 2026: Bot restarted PID=9583
Mon Mar 16 06:05:34 UTC 2026: Restarting bot...
Mon Mar 16 06:05:34 UTC 2026: Bot restarted PID=9598
Mon Mar 16 06:06:18 UTC 2026: Restarting bot...
Mon Mar 16 06:06:18 UTC 2026: Bot restarted PID=9613
Mon Mar 16 06:06:54 UTC 2026: Restarting bot...
Mon Mar 16 06:06:54 UTC 2026: Bot restarted PID=9628
Mon Mar 16 06:07:35 UTC 2026: Restarting bot...
Mon Mar 16 06:07:35 UTC 2026: Bot restarted PID=9643
Mon Mar 16 06:08:19 UTC 2026: Restarting bot...
Mon Mar 16 06:08:19 UTC 2026: Bot restarted PID=9658
Mon Mar 16 06:08:54 UTC 2026: Restarting bot...
Mon Mar 16 06:08:54 UTC 2026: Bot restarted PID=9673
Mon Mar 16 06:09:35 UTC 2026: Restarting bot...
Mon Mar 16 06:09:35 UTC 2026: Bot restarted PID=9688
Mon Mar 16 06:10:19 UTC 2026: Restarting bot...
Mon Mar 16 06:10:19 UTC 2026: Bot restarted PID=9703
Mon Mar 16 06:10:55 UTC 2026: Restarting bot...
Mon Mar 16 06:10:55 UTC 2026: Bot restarted PID=9718
Mon Mar 16 06:11:36 UTC 2026: Restarting bot...
Mon Mar 16 06:11:36 UTC 2026: Bot restarted PID=9733
Mon Mar 16 06:12:19 UTC 2026: Restarting bot...
Mon Mar 16 06:12:19 UTC 2026: Bot restarted PID=9748
Mon Mar 16 06:12:55 UTC 2026: Restarting bot...
Mon Mar 16 06:12:55 UTC 2026: Bot restarted PID=9763
Mon Mar 16 06:13:36 UTC 2026: Restarting bot...
Mon Mar 16 06:13:36 UTC 2026: Bot restarted PID=9778
Mon Mar 16 06:14:20 UTC 2026: Restarting bot...
Mon Mar 16 06:14:20 UTC 2026: Bot restarted PID=9793
Mon Mar 16 06:14:56 UTC 2026: Restarting bot...
Mon Mar 16 06:14:56 UTC 2026: Bot restarted PID=9808
Mon Mar 16 06:15:37 UTC 2026: Restarting bot...
Mon Mar 16 06:15:37 UTC 2026: Bot restarted PID=9823
Mon Mar 16 06:16:20 UTC 2026: Restarting bot...
Mon Mar 16 06:16:20 UTC 2026: Bot restarted PID=9838
Mon Mar 16 06:16:56 UTC 2026: Restarting bot...
Mon Mar 16 06:16:56 UTC 2026: Bot restarted PID=9853
Mon Mar 16 06:17:37 UTC 2026: Restarting bot...
Mon Mar 16 06:17:37 UTC 2026: Bot restarted PID=9868
Mon Mar 16 06:18:21 UTC 2026: Restarting bot...
Mon Mar 16 06:18:21 UTC 2026: Bot restarted PID=9883
Mon Mar 16 06:18:56 UTC 2026: Restarting bot...
Mon Mar 16 06:18:56 UTC 2026: Bot restarted PID=9898
Mon Mar 16 06:19:38 UTC 2026: Restarting bot...
Mon Mar 16 06:19:38 UTC 2026: Bot restarted PID=9913
Mon Mar 16 06:20:22 UTC 2026: Restarting bot...
Mon Mar 16 06:20:22 UTC 2026: Bot restarted PID=9928
Mon Mar 16 06:20:57 UTC 2026: Restarting bot...
Mon Mar 16 06:20:57 UTC 2026: Bot restarted PID=9943
Mon Mar 16 06:21:38 UTC 2026: Restarting bot...
Mon Mar 16 06:21:38 UTC 2026: Bot restarted PID=9958
Mon Mar 16 06:22:23 UTC 2026: Restarting bot...
Mon Mar 16 06:22:23 UTC 2026: Bot restarted PID=9973
Mon Mar 16 06:22:57 UTC 2026: Restarting bot...
Mon Mar 16 06:22:57 UTC 2026: Bot restarted PID=9988
Mon Mar 16 06:23:38 UTC 2026: Restarting bot...
Mon Mar 16 06:23:39 UTC 2026: Bot restarted PID=10003
Mon Mar 16 06:24:23 UTC 2026: Restarting bot...
Mon Mar 16 06:24:23 UTC 2026: Bot restarted PID=10018
Mon Mar 16 06:24:57 UTC 2026: Restarting bot...
Mon Mar 16 06:24:58 UTC 2026: Bot restarted PID=10033
Mon Mar 16 06:25:39 UTC 2026: Restarting bot...
Mon Mar 16 06:25:39 UTC 2026: Bot restarted PID=10048
Mon Mar 16 06:26:23 UTC 2026: Restarting bot...
Mon Mar 16 06:26:24 UTC 2026: Bot restarted PID=10063
Mon Mar 16 06:26:58 UTC 2026: Restarting bot...
Mon Mar 16 06:26:58 UTC 2026: Bot restarted PID=10078
Mon Mar 16 06:27:40 UTC 2026: Restarting bot...
Mon Mar 16 06:27:40 UTC 2026: Bot restarted PID=10093
Mon Mar 16 06:28:24 UTC 2026: Restarting bot...
Mon Mar 16 06:28:24 UTC 2026: Bot restarted PID=10108
Mon Mar 16 06:28:59 UTC 2026: Restarting bot...
Mon Mar 16 06:28:59 UTC 2026: Bot restarted PID=10123
Mon Mar 16 06:29:40 UTC 2026: Restarting bot...
Mon Mar 16 06:29:40 UTC 2026: Bot restarted PID=10138
Mon Mar 16 06:30:24 UTC 2026: Restarting bot...
Mon Mar 16 06:30:24 UTC 2026: Bot restarted PID=10153
Mon Mar 16 06:30:59 UTC 2026: Restarting bot...
Mon Mar 16 06:30:59 UTC 2026: Bot restarted PID=10168
Mon Mar 16 06:31:40 UTC 2026: Restarting bot...
Mon Mar 16 06:31:41 UTC 2026: Bot restarted PID=10183
Mon Mar 16 06:32:25 UTC 2026: Restarting bot...
Mon Mar 16 06:32:25 UTC 2026: Bot restarted PID=10198
Mon Mar 16 06:33:00 UTC 2026: Restarting bot...
Mon Mar 16 06:33:00 UTC 2026: Bot restarted PID=10213
Mon Mar 16 06:33:41 UTC 2026: Restarting bot...
Mon Mar 16 06:33:41 UTC 2026: Bot restarted PID=10228
Mon Mar 16 06:34:25 UTC 2026: Restarting bot...
Mon Mar 16 06:34:25 UTC 2026: Bot restarted PID=10243
Mon Mar 16 06:35:00 UTC 2026: Restarting bot...
Mon Mar 16 06:35:00 UTC 2026: Bot restarted PID=10258
Mon Mar 16 06:35:41 UTC 2026: Restarting bot...
Mon Mar 16 06:35:42 UTC 2026: Bot restarted PID=10273
Mon Mar 16 06:36:25 UTC 2026: Restarting bot...
Mon Mar 16 06:36:26 UTC 2026: Bot restarted PID=10288
Mon Mar 16 06:37:00 UTC 2026: Restarting bot...
Mon Mar 16 06:37:00 UTC 2026: Bot restarted PID=10303
Mon Mar 16 06:37:42 UTC 2026: Restarting bot...
Mon Mar 16 06:37:42 UTC 2026: Bot restarted PID=10318
Mon Mar 16 06:38:26 UTC 2026: Restarting bot...
Mon Mar 16 06:38:26 UTC 2026: Bot restarted PID=10333
Mon Mar 16 06:39:01 UTC 2026: Restarting bot...
Mon Mar 16 06:39:01 UTC 2026: Bot restarted PID=10348
Mon Mar 16 06:39:43 UTC 2026: Restarting bot...
Mon Mar 16 06:39:43 UTC 2026: Bot restarted PID=10363
Mon Mar 16 06:40:27 UTC 2026: Restarting bot...
Mon Mar 16 06:40:27 UTC 2026: Bot restarted PID=10378
Mon Mar 16 06:41:01 UTC 2026: Restarting bot...
Mon Mar 16 06:41:01 UTC 2026: Bot restarted PID=10393
Mon Mar 16 06:41:43 UTC 2026: Restarting bot...
Mon Mar 16 06:41:43 UTC 2026: Bot restarted PID=10408
Mon Mar 16 06:42:28 UTC 2026: Restarting bot...
Mon Mar 16 06:42:28 UTC 2026: Bot restarted PID=10423
Mon Mar 16 06:43:02 UTC 2026: Restarting bot...
Mon Mar 16 06:43:02 UTC 2026: Bot restarted PID=10438
Mon Mar 16 06:43:44 UTC 2026: Restarting bot...
Mon Mar 16 06:43:44 UTC 2026: Bot restarted PID=10453
Mon Mar 16 06:44:28 UTC 2026: Restarting bot...
Mon Mar 16 06:44:28 UTC 2026: Bot restarted PID=10468
Mon Mar 16 06:45:02 UTC 2026: Restarting bot...
Mon Mar 16 06:45:02 UTC 2026: Bot restarted PID=10483
Mon Mar 16 06:45:44 UTC 2026: Restarting bot...
Mon Mar 16 06:45:44 UTC 2026: Bot restarted PID=10498
Mon Mar 16 06:46:28 UTC 2026: Restarting bot...
Mon Mar 16 06:46:29 UTC 2026: Bot restarted PID=10513
Mon Mar 16 06:47:03 UTC 2026: Restarting bot...
Mon Mar 16 06:47:03 UTC 2026: Bot restarted PID=10528
Mon Mar 16 06:47:44 UTC 2026: Restarting bot...
Mon Mar 16 06:47:44 UTC 2026: Bot restarted PID=10543
Mon Mar 16 06:48:29 UTC 2026: Restarting bot...
Mon Mar 16 06:48:29 UTC 2026: Bot restarted PID=10558
Mon Mar 16 06:49:03 UTC 2026: Restarting bot...
Mon Mar 16 06:49:03 UTC 2026: Bot restarted PID=10573
Mon Mar 16 06:49:45 UTC 2026: Restarting bot...
Mon Mar 16 06:49:45 UTC 2026: Bot restarted PID=10588
Mon Mar 16 06:50:29 UTC 2026: Restarting bot...
Mon Mar 16 06:50:29 UTC 2026: Bot restarted PID=10603
Mon Mar 16 06:51:04 UTC 2026: Restarting bot...
Mon Mar 16 06:51:04 UTC 2026: Bot restarted PID=10618
Mon Mar 16 06:51:45 UTC 2026: Restarting bot...
Mon Mar 16 06:51:45 UTC 2026: Bot restarted PID=10633
Mon Mar 16 06:52:30 UTC 2026: Restarting bot...
Mon Mar 16 06:52:30 UTC 2026: Bot restarted PID=10648
Mon Mar 16 06:53:04 UTC 2026: Restarting bot...
Mon Mar 16 06:53:04 UTC 2026: Bot restarted PID=10663
Mon Mar 16 06:53:45 UTC 2026: Restarting bot...
Mon Mar 16 06:53:45 UTC 2026: Bot restarted PID=10678
Mon Mar 16 06:54:30 UTC 2026: Restarting bot...
Mon Mar 16 06:54:30 UTC 2026: Bot restarted PID=10693
Mon Mar 16 06:55:05 UTC 2026: Restarting bot...
Mon Mar 16 06:55:05 UTC 2026: Bot restarted PID=10708
Mon Mar 16 06:55:46 UTC 2026: Restarting bot...
Mon Mar 16 06:55:46 UTC 2026: Bot restarted PID=10723
Mon Mar 16 06:56:31 UTC 2026: Restarting bot...
Mon Mar 16 06:56:31 UTC 2026: Bot restarted PID=10738
Mon Mar 16 06:57:05 UTC 2026: Restarting bot...
Mon Mar 16 06:57:05 UTC 2026: Bot restarted PID=10753
Mon Mar 16 06:57:46 UTC 2026: Restarting bot...
Mon Mar 16 06:57:46 UTC 2026: Bot restarted PID=10768
Mon Mar 16 06:58:31 UTC 2026: Restarting bot...
Mon Mar 16 06:58:31 UTC 2026: Bot restarted PID=10783
Mon Mar 16 06:59:06 UTC 2026: Restarting bot...
Mon Mar 16 06:59:06 UTC 2026: Bot restarted PID=10798
Mon Mar 16 06:59:47 UTC 2026: Restarting bot...
Mon Mar 16 06:59:47 UTC 2026: Bot restarted PID=10813
Mon Mar 16 07:00:32 UTC 2026: Restarting bot...
Mon Mar 16 07:00:32 UTC 2026: Bot restarted PID=10828
Mon Mar 16 07:01:06 UTC 2026: Restarting bot...
Mon Mar 16 07:01:06 UTC 2026: Bot restarted PID=10843
Mon Mar 16 07:01:47 UTC 2026: Restarting bot...
Mon Mar 16 07:01:47 UTC 2026: Bot restarted PID=10858
Mon Mar 16 07:02:32 UTC 2026: Restarting bot...
Mon Mar 16 07:02:32 UTC 2026: Bot restarted PID=10873
Mon Mar 16 07:03:07 UTC 2026: Restarting bot...
Mon Mar 16 07:03:07 UTC 2026: Bot restarted PID=10888
Mon Mar 16 07:03:47 UTC 2026: Restarting bot...
Mon Mar 16 07:03:48 UTC 2026: Bot restarted PID=10903
Mon Mar 16 07:04:33 UTC 2026: Restarting bot...
Mon Mar 16 07:04:33 UTC 2026: Bot restarted PID=10918
Mon Mar 16 07:05:07 UTC 2026: Restarting bot...
Mon Mar 16 07:05:07 UTC 2026: Bot restarted PID=10933
Mon Mar 16 07:05:48 UTC 2026: Restarting bot...
Mon Mar 16 07:05:48 UTC 2026: Bot restarted PID=10948
Mon Mar 16 07:06:33 UTC 2026: Restarting bot...
Mon Mar 16 07:06:33 UTC 2026: Bot restarted PID=10963
Mon Mar 16 07:07:07 UTC 2026: Restarting bot...
Mon Mar 16 07:07:07 UTC 2026: Bot restarted PID=10978
Mon Mar 16 07:07:48 UTC 2026: Restarting bot...
Mon Mar 16 07:07:48 UTC 2026: Bot restarted PID=10993
Mon Mar 16 07:08:33 UTC 2026: Restarting bot...
Mon Mar 16 07:08:33 UTC 2026: Bot restarted PID=11008
Mon Mar 16 07:09:08 UTC 2026: Restarting bot...
Mon Mar 16 07:09:08 UTC 2026: Bot restarted PID=11023
Mon Mar 16 07:09:49 UTC 2026: Restarting bot...
Mon Mar 16 07:09:49 UTC 2026: Bot restarted PID=11038
Mon Mar 16 07:10:34 UTC 2026: Restarting bot...
Mon Mar 16 07:10:34 UTC 2026: Bot restarted PID=11053
Mon Mar 16 07:11:08 UTC 2026: Restarting bot...
Mon Mar 16 07:11:08 UTC 2026: Bot restarted PID=11068
Mon Mar 16 07:11:49 UTC 2026: Restarting bot...
Mon Mar 16 07:11:49 UTC 2026: Bot restarted PID=11083
Mon Mar 16 07:12:34 UTC 2026: Restarting bot...
Mon Mar 16 07:12:34 UTC 2026: Bot restarted PID=11098
Mon Mar 16 07:13:09 UTC 2026: Restarting bot...
Mon Mar 16 07:13:09 UTC 2026: Bot restarted PID=11113
Mon Mar 16 07:13:49 UTC 2026: Restarting bot...
Mon Mar 16 07:13:49 UTC 2026: Bot restarted PID=11128
Mon Mar 16 07:14:35 UTC 2026: Restarting bot...
Mon Mar 16 07:14:35 UTC 2026: Bot restarted PID=11143
Mon Mar 16 07:15:09 UTC 2026: Restarting bot...
Mon Mar 16 07:15:09 UTC 2026: Bot restarted PID=11158
Mon Mar 16 07:15:50 UTC 2026: Restarting bot...
Mon Mar 16 07:15:50 UTC 2026: Bot restarted PID=11173
Mon Mar 16 07:16:35 UTC 2026: Restarting bot...
Mon Mar 16 07:16:35 UTC 2026: Bot restarted PID=11188
Mon Mar 16 07:17:10 UTC 2026: Restarting bot...
Mon Mar 16 07:17:10 UTC 2026: Bot restarted PID=11203
Mon Mar 16 07:17:50 UTC 2026: Restarting bot...
Mon Mar 16 07:17:50 UTC 2026: Bot restarted PID=11218
Mon Mar 16 07:18:36 UTC 2026: Restarting bot...
Mon Mar 16 07:18:36 UTC 2026: Bot restarted PID=11233
Mon Mar 16 07:19:10 UTC 2026: Restarting bot...
Mon Mar 16 07:19:10 UTC 2026: Bot restarted PID=11248
Mon Mar 16 07:19:51 UTC 2026: Restarting bot...
Mon Mar 16 07:19:51 UTC 2026: Bot restarted PID=11263
Mon Mar 16 07:20:36 UTC 2026: Restarting bot...
Mon Mar 16 07:20:36 UTC 2026: Bot restarted PID=11278
Mon Mar 16 07:21:10 UTC 2026: Restarting bot...
Mon Mar 16 07:21:10 UTC 2026: Bot restarted PID=11293
Mon Mar 16 07:21:51 UTC 2026: Restarting bot...
Mon Mar 16 07:21:51 UTC 2026: Bot restarted PID=11308
Mon Mar 16 07:22:37 UTC 2026: Restarting bot...
Mon Mar 16 07:22:37 UTC 2026: Bot restarted PID=11323
Mon Mar 16 07:23:11 UTC 2026: Restarting bot...
Mon Mar 16 07:23:11 UTC 2026: Bot restarted PID=11338
Mon Mar 16 07:23:51 UTC 2026: Restarting bot...
Mon Mar 16 07:23:51 UTC 2026: Bot restarted PID=11353
Mon Mar 16 07:24:38 UTC 2026: Restarting bot...
Mon Mar 16 07:24:38 UTC 2026: Bot restarted PID=11368
Mon Mar 16 07:25:11 UTC 2026: Restarting bot...
Mon Mar 16 07:25:11 UTC 2026: Bot restarted PID=11383
Mon Mar 16 07:25:51 UTC 2026: Restarting bot...
Mon Mar 16 07:25:51 UTC 2026: Bot restarted PID=11398
Mon Mar 16 07:26:38 UTC 2026: Restarting bot...
Mon Mar 16 07:26:38 UTC 2026: Bot restarted PID=11413
Mon Mar 16 07:27:12 UTC 2026: Restarting bot...
Mon Mar 16 07:27:12 UTC 2026: Bot restarted PID=11428
Mon Mar 16 07:27:52 UTC 2026: Restarting bot...
Mon Mar 16 07:27:52 UTC 2026: Bot restarted PID=11443
Mon Mar 16 07:28:39 UTC 2026: Restarting bot...
Mon Mar 16 07:28:39 UTC 2026: Bot restarted PID=11458
Mon Mar 16 07:29:12 UTC 2026: Restarting bot...
Mon Mar 16 07:29:12 UTC 2026: Bot restarted PID=11473
Mon Mar 16 07:29:53 UTC 2026: Restarting bot...
Mon Mar 16 07:29:53 UTC 2026: Bot restarted PID=11488
Mon Mar 16 07:30:39 UTC 2026: Restarting bot...
Mon Mar 16 07:30:40 UTC 2026: Bot restarted PID=11503
Mon Mar 16 07:31:12 UTC 2026: Restarting bot...
Mon Mar 16 07:31:13 UTC 2026: Bot restarted PID=11518
Mon Mar 16 07:31:40 UTC 2026: Restarting bot...
Mon Mar 16 07:31:40 UTC 2026: Bot restarted PID=11531
Mon Mar 16 07:32:13 UTC 2026: Restarting bot...
Mon Mar 16 07:32:13 UTC 2026: Bot restarted PID=11546
Mon Mar 16 07:32:53 UTC 2026: Restarting bot...
Mon Mar 16 07:32:53 UTC 2026: Bot restarted PID=11561
Mon Mar 16 07:33:41 UTC 2026: Restarting bot...
Mon Mar 16 07:33:41 UTC 2026: Bot restarted PID=11576
Mon Mar 16 07:34:13 UTC 2026: Restarting bot...
Mon Mar 16 07:34:13 UTC 2026: Bot restarted PID=11591
Mon Mar 16 07:34:41 UTC 2026: Restarting bot...
Mon Mar 16 07:34:41 UTC 2026: Bot restarted PID=11604
Mon Mar 16 07:35:14 UTC 2026: Restarting bot...
Mon Mar 16 07:35:14 UTC 2026: Bot restarted PID=11619
Mon Mar 16 07:35:41 UTC 2026: Restarting bot...
Mon Mar 16 07:35:41 UTC 2026: Bot restarted PID=11632
Mon Mar 16 07:36:14 UTC 2026: Restarting bot...
Mon Mar 16 07:36:14 UTC 2026: Bot restarted PID=11647
Mon Mar 16 07:36:54 UTC 2026: Restarting bot...
Mon Mar 16 07:36:54 UTC 2026: Bot restarted PID=11662
Mon Mar 16 07:37:41 UTC 2026: Restarting bot...
Mon Mar 16 07:37:41 UTC 2026: Bot restarted PID=11677
Mon Mar 16 07:38:14 UTC 2026: Restarting bot...
Mon Mar 16 07:38:14 UTC 2026: Bot restarted PID=11692
Mon Mar 16 07:38:55 UTC 2026: Restarting bot...
Mon Mar 16 07:38:55 UTC 2026: Bot restarted PID=11707
Mon Mar 16 07:39:42 UTC 2026: Restarting bot...
Mon Mar 16 07:39:42 UTC 2026: Bot restarted PID=11722
Mon Mar 16 07:40:15 UTC 2026: Restarting bot...
Mon Mar 16 07:40:15 UTC 2026: Bot restarted PID=11737
Mon Mar 16 07:40:42 UTC 2026: Restarting bot...
Mon Mar 16 07:40:42 UTC 2026: Bot restarted PID=11750
Mon Mar 16 07:41:15 UTC 2026: Restarting bot...
Mon Mar 16 07:41:15 UTC 2026: Bot restarted PID=11765
Mon Mar 16 07:41:55 UTC 2026: Restarting bot...
Mon Mar 16 07:41:55 UTC 2026: Bot restarted PID=11780
Mon Mar 16 07:42:43 UTC 2026: Restarting bot...
Mon Mar 16 07:42:43 UTC 2026: Bot restarted PID=11795
Mon Mar 16 07:43:16 UTC 2026: Restarting bot...
Mon Mar 16 07:43:16 UTC 2026: Bot restarted PID=11810
Mon Mar 16 07:43:56 UTC 2026: Restarting bot...
Mon Mar 16 07:43:56 UTC 2026: Bot restarted PID=11825
Mon Mar 16 07:44:44 UTC 2026: Restarting bot...
Mon Mar 16 07:44:44 UTC 2026: Bot restarted PID=11840
Mon Mar 16 07:45:16 UTC 2026: Restarting bot...
Mon Mar 16 07:45:16 UTC 2026: Bot restarted PID=11855
Mon Mar 16 07:45:56 UTC 2026: Restarting bot...
Mon Mar 16 07:45:56 UTC 2026: Bot restarted PID=11870
Mon Mar 16 07:46:44 UTC 2026: Restarting bot...
Mon Mar 16 07:46:44 UTC 2026: Bot restarted PID=11885
Mon Mar 16 07:47:17 UTC 2026: Restarting bot...
Mon Mar 16 07:47:17 UTC 2026: Bot restarted PID=11900
Mon Mar 16 07:47:56 UTC 2026: Restarting bot...
Mon Mar 16 07:47:56 UTC 2026: Bot restarted PID=11915
Mon Mar 16 07:48:44 UTC 2026: Restarting bot...
Mon Mar 16 07:48:44 UTC 2026: Bot restarted PID=11930
Mon Mar 16 07:49:17 UTC 2026: Restarting bot...
Mon Mar 16 07:49:17 UTC 2026: Bot restarted PID=11945
Mon Mar 16 07:49:57 UTC 2026: Restarting bot...
Mon Mar 16 07:49:57 UTC 2026: Bot restarted PID=11960
Mon Mar 16 07:50:46 UTC 2026: Restarting bot...
Mon Mar 16 07:50:46 UTC 2026: Bot restarted PID=11975
Mon Mar 16 07:51:46 UTC 2026: Restarting bot...
Mon Mar 16 07:51:46 UTC 2026: Bot restarted PID=11992
Mon Mar 16 07:52:46 UTC 2026: Restarting bot...
Mon Mar 16 07:52:46 UTC 2026: Bot restarted PID=12009
Mon Mar 16 07:53:19 UTC 2026: Restarting bot...
Mon Mar 16 07:53:19 UTC 2026: Bot restarted PID=12024
Mon Mar 16 07:53:58 UTC 2026: Restarting bot...
Mon Mar 16 07:53:58 UTC 2026: Bot restarted PID=12039
Mon Mar 16 07:54:47 UTC 2026: Restarting bot...
Mon Mar 16 07:54:48 UTC 2026: Bot restarted PID=12054
Mon Mar 16 07:55:19 UTC 2026: Restarting bot...
Mon Mar 16 07:55:19 UTC 2026: Bot restarted PID=12069
Mon Mar 16 07:55:48 UTC 2026: Restarting bot...
Mon Mar 16 07:55:48 UTC 2026: Bot restarted PID=12082
Mon Mar 16 07:56:19 UTC 2026: Restarting bot...
Mon Mar 16 07:56:19 UTC 2026: Bot restarted PID=12097
Mon Mar 16 07:56:48 UTC 2026: Restarting bot...
Mon Mar 16 07:56:48 UTC 2026: Bot restarted PID=12110
Mon Mar 16 07:57:20 UTC 2026: Restarting bot...
Mon Mar 16 07:57:20 UTC 2026: Bot restarted PID=12125
Mon Mar 16 07:57:48 UTC 2026: Restarting bot...
Mon Mar 16 07:57:48 UTC 2026: Bot restarted PID=12138
Mon Mar 16 07:58:20 UTC 2026: Restarting bot...
Mon Mar 16 07:58:20 UTC 2026: Bot restarted PID=12153
Mon Mar 16 07:58:48 UTC 2026: Restarting bot...
Mon Mar 16 07:58:49 UTC 2026: Bot restarted PID=12166
Mon Mar 16 07:59:20 UTC 2026: Restarting bot...
Mon Mar 16 07:59:20 UTC 2026: Bot restarted PID=12181
Mon Mar 16 07:59:49 UTC 2026: Restarting bot...
Mon Mar 16 07:59:49 UTC 2026: Bot restarted PID=12194
Mon Mar 16 08:00:20 UTC 2026: Restarting bot...
Mon Mar 16 08:00:20 UTC 2026: Bot restarted PID=12209
Mon Mar 16 08:00:49 UTC 2026: Restarting bot...
Mon Mar 16 08:00:49 UTC 2026: Bot restarted PID=12222
Mon Mar 16 08:01:21 UTC 2026: Restarting bot...
Mon Mar 16 08:01:21 UTC 2026: Bot restarted PID=12237
Mon Mar 16 08:01:49 UTC 2026: Restarting bot...
Mon Mar 16 08:01:49 UTC 2026: Bot restarted PID=12250
Mon Mar 16 08:02:21 UTC 2026: Restarting bot...
Mon Mar 16 08:02:21 UTC 2026: Bot restarted PID=12265
Mon Mar 16 08:02:50 UTC 2026: Restarting bot...
Mon Mar 16 08:02:50 UTC 2026: Bot restarted PID=12278
Mon Mar 16 08:03:21 UTC 2026: Restarting bot...
Mon Mar 16 08:03:21 UTC 2026: Bot restarted PID=12293
Mon Mar 16 08:03:50 UTC 2026: Restarting bot...
Mon Mar 16 08:03:50 UTC 2026: Bot restarted PID=12306
Mon Mar 16 08:04:21 UTC 2026: Restarting bot...
Mon Mar 16 08:04:21 UTC 2026: Bot restarted PID=12321
Mon Mar 16 08:04:50 UTC 2026: Restarting bot...
Mon Mar 16 08:04:50 UTC 2026: Bot restarted PID=12334
Mon Mar 16 08:05:50 UTC 2026: Restarting bot...
Mon Mar 16 08:05:50 UTC 2026: Bot restarted PID=12351
Mon Mar 16 08:06:50 UTC 2026: Restarting bot...
Mon Mar 16 08:06:50 UTC 2026: Bot restarted PID=12368
Mon Mar 16 08:07:22 UTC 2026: Restarting bot...
Mon Mar 16 08:07:22 UTC 2026: Bot restarted PID=12383
Mon Mar 16 08:08:01 UTC 2026: Restarting bot...
Mon Mar 16 08:08:01 UTC 2026: Bot restarted PID=12398
Mon Mar 16 08:08:51 UTC 2026: Restarting bot...
Mon Mar 16 08:08:51 UTC 2026: Bot restarted PID=12413
Mon Mar 16 08:09:23 UTC 2026: Restarting bot...
Mon Mar 16 08:09:23 UTC 2026: Bot restarted PID=12428
Mon Mar 16 08:09:52 UTC 2026: Restarting bot...
Mon Mar 16 08:09:52 UTC 2026: Bot restarted PID=12441
Mon Mar 16 08:10:23 UTC 2026: Restarting bot...
Mon Mar 16 08:10:23 UTC 2026: Bot restarted PID=12456
Mon Mar 16 08:10:52 UTC 2026: Restarting bot...
Mon Mar 16 08:10:52 UTC 2026: Bot restarted PID=12469
Mon Mar 16 08:11:23 UTC 2026: Restarting bot...
Mon Mar 16 08:11:24 UTC 2026: Bot restarted PID=12484
Mon Mar 16 08:11:52 UTC 2026: Restarting bot...
Mon Mar 16 08:11:52 UTC 2026: Bot restarted PID=12497
Mon Mar 16 08:12:24 UTC 2026: Restarting bot...
Mon Mar 16 08:12:24 UTC 2026: Bot restarted PID=12512
Mon Mar 16 08:12:53 UTC 2026: Restarting bot...
Mon Mar 16 08:12:53 UTC 2026: Bot restarted PID=12525
Mon Mar 16 08:13:24 UTC 2026: Restarting bot...
Mon Mar 16 08:13:24 UTC 2026: Bot restarted PID=12540
Mon Mar 16 08:13:54 UTC 2026: Restarting bot...
Mon Mar 16 08:13:54 UTC 2026: Bot restarted PID=12553
Mon Mar 16 08:14:25 UTC 2026: Restarting bot...
Mon Mar 16 08:14:25 UTC 2026: Bot restarted PID=12568
Mon Mar 16 08:14:54 UTC 2026: Restarting bot...
Mon Mar 16 08:14:54 UTC 2026: Bot restarted PID=12581
Mon Mar 16 08:15:25 UTC 2026: Restarting bot...
Mon Mar 16 08:15:25 UTC 2026: Bot restarted PID=12596
Mon Mar 16 08:15:54 UTC 2026: Restarting bot...
Mon Mar 16 08:15:54 UTC 2026: Bot restarted PID=12609
Mon Mar 16 08:16:25 UTC 2026: Restarting bot...
Mon Mar 16 08:16:25 UTC 2026: Bot restarted PID=12624
Mon Mar 16 08:17:04 UTC 2026: Restarting bot...
Mon Mar 16 08:17:04 UTC 2026: Bot restarted PID=12639
Mon Mar 16 08:17:54 UTC 2026: Restarting bot...
Mon Mar 16 08:17:54 UTC 2026: Bot restarted PID=12654
Mon Mar 16 08:18:25 UTC 2026: Restarting bot...
Mon Mar 16 08:18:25 UTC 2026: Bot restarted PID=12669
Mon Mar 16 08:18:54 UTC 2026: Restarting bot...
Mon Mar 16 08:18:54 UTC 2026: Bot restarted PID=12682
Mon Mar 16 08:19:25 UTC 2026: Restarting bot...
Mon Mar 16 08:19:25 UTC 2026: Bot restarted PID=12697
Mon Mar 16 08:19:55 UTC 2026: Restarting bot...
Mon Mar 16 08:19:55 UTC 2026: Bot restarted PID=12710
Mon Mar 16 08:20:25 UTC 2026: Restarting bot...
Mon Mar 16 08:20:26 UTC 2026: Bot restarted PID=12725
Mon Mar 16 08:20:55 UTC 2026: Restarting bot...
Mon Mar 16 08:20:55 UTC 2026: Bot restarted PID=12738
Mon Mar 16 08:21:26 UTC 2026: Restarting bot...
Mon Mar 16 08:21:26 UTC 2026: Bot restarted PID=12753
Mon Mar 16 08:21:55 UTC 2026: Restarting bot...
Mon Mar 16 08:21:55 UTC 2026: Bot restarted PID=12766
Mon Mar 16 08:22:26 UTC 2026: Restarting bot...
Mon Mar 16 08:22:26 UTC 2026: Bot restarted PID=12781
Mon Mar 16 08:22:55 UTC 2026: Restarting bot...
Mon Mar 16 08:22:55 UTC 2026: Bot restarted PID=12794
Mon Mar 16 08:23:26 UTC 2026: Restarting bot...
Mon Mar 16 08:23:26 UTC 2026: Bot restarted PID=12809
Mon Mar 16 08:23:55 UTC 2026: Restarting bot...
Mon Mar 16 08:23:55 UTC 2026: Bot restarted PID=12822
Mon Mar 16 08:24:27 UTC 2026: Restarting bot...
Mon Mar 16 08:24:27 UTC 2026: Bot restarted PID=12837
Mon Mar 16 08:24:56 UTC 2026: Restarting bot...
Mon Mar 16 08:24:56 UTC 2026: Bot restarted PID=12850
Mon Mar 16 08:25:27 UTC 2026: Restarting bot...
Mon Mar 16 08:25:27 UTC 2026: Bot restarted PID=12865
Mon Mar 16 08:25:56 UTC 2026: Restarting bot...
Mon Mar 16 08:25:56 UTC 2026: Bot restarted PID=12878
Mon Mar 16 08:26:27 UTC 2026: Restarting bot...
Mon Mar 16 08:26:27 UTC 2026: Bot restarted PID=12893
Mon Mar 16 08:27:06 UTC 2026: Restarting bot...
Mon Mar 16 08:27:06 UTC 2026: Bot restarted PID=12908
Mon Mar 16 08:27:56 UTC 2026: Restarting bot...
Mon Mar 16 08:27:56 UTC 2026: Bot restarted PID=12923
Mon Mar 16 08:28:28 UTC 2026: Restarting bot...
Mon Mar 16 08:28:28 UTC 2026: Bot restarted PID=12938
Mon Mar 16 08:29:07 UTC 2026: Restarting bot...
Mon Mar 16 08:29:07 UTC 2026: Bot restarted PID=12953
Mon Mar 16 08:29:56 UTC 2026: Restarting bot...
Mon Mar 16 08:29:57 UTC 2026: Bot restarted PID=12968
Mon Mar 16 08:30:28 UTC 2026: Restarting bot...
Mon Mar 16 08:30:28 UTC 2026: Bot restarted PID=12983
Mon Mar 16 08:30:57 UTC 2026: Restarting bot...
Mon Mar 16 08:30:57 UTC 2026: Bot restarted PID=12996
Mon Mar 16 08:31:28 UTC 2026: Restarting bot...
Mon Mar 16 08:31:29 UTC 2026: Bot restarted PID=13011
Mon Mar 16 08:31:57 UTC 2026: Restarting bot...
Mon Mar 16 08:31:57 UTC 2026: Bot restarted PID=13024
Mon Mar 16 08:32:29 UTC 2026: Restarting bot...
Mon Mar 16 08:32:29 UTC 2026: Bot restarted PID=13039
Mon Mar 16 08:32:57 UTC 2026: Restarting bot...
Mon Mar 16 08:32:57 UTC 2026: Bot restarted PID=13052
Mon Mar 16 08:33:29 UTC 2026: Restarting bot...
Mon Mar 16 08:33:29 UTC 2026: Bot restarted PID=13067
Mon Mar 16 08:33:57 UTC 2026: Restarting bot...
Mon Mar 16 08:33:57 UTC 2026: Bot restarted PID=13080
Mon Mar 16 08:34:30 UTC 2026: Restarting bot...
Mon Mar 16 08:34:30 UTC 2026: Bot restarted PID=13095
Mon Mar 16 08:34:57 UTC 2026: Restarting bot...
Mon Mar 16 08:34:57 UTC 2026: Bot restarted PID=13108
Mon Mar 16 08:35:30 UTC 2026: Restarting bot...
Mon Mar 16 08:35:30 UTC 2026: Bot restarted PID=13123
Mon Mar 16 08:35:57 UTC 2026: Restarting bot...
Mon Mar 16 08:35:58 UTC 2026: Bot restarted PID=13136
Mon Mar 16 08:36:30 UTC 2026: Restarting bot...
Mon Mar 16 08:36:30 UTC 2026: Bot restarted PID=13151
Mon Mar 16 08:36:58 UTC 2026: Restarting bot...
Mon Mar 16 08:36:58 UTC 2026: Bot restarted PID=13164
Mon Mar 16 08:37:30 UTC 2026: Restarting bot...
Mon Mar 16 08:37:31 UTC 2026: Bot restarted PID=13179
Mon Mar 16 08:37:58 UTC 2026: Restarting bot...
Mon Mar 16 08:37:58 UTC 2026: Bot restarted PID=13192
Mon Mar 16 08:38:31 UTC 2026: Restarting bot...
Mon Mar 16 08:38:31 UTC 2026: Bot restarted PID=13207
Mon Mar 16 08:39:09 UTC 2026: Restarting bot...
Mon Mar 16 08:39:09 UTC 2026: Bot restarted PID=13222
Mon Mar 16 08:39:58 UTC 2026: Restarting bot...
Mon Mar 16 08:39:58 UTC 2026: Bot restarted PID=13237
Mon Mar 16 08:40:31 UTC 2026: Restarting bot...
Mon Mar 16 08:40:31 UTC 2026: Bot restarted PID=13252
Mon Mar 16 08:41:09 UTC 2026: Restarting bot...
Mon Mar 16 08:41:09 UTC 2026: Bot restarted PID=13267
Mon Mar 16 08:41:59 UTC 2026: Restarting bot...
Mon Mar 16 08:41:59 UTC 2026: Bot restarted PID=13282
Mon Mar 16 08:42:32 UTC 2026: Restarting bot...
Mon Mar 16 08:42:32 UTC 2026: Bot restarted PID=13297
Mon Mar 16 08:43:10 UTC 2026: Restarting bot...
Mon Mar 16 08:43:10 UTC 2026: Bot restarted PID=13312
Mon Mar 16 08:44:00 UTC 2026: Restarting bot...
Mon Mar 16 08:44:00 UTC 2026: Bot restarted PID=13327
Mon Mar 16 08:44:32 UTC 2026: Restarting bot...
Mon Mar 16 08:44:32 UTC 2026: Bot restarted PID=13342
Mon Mar 16 08:45:00 UTC 2026: Restarting bot...
Mon Mar 16 08:45:00 UTC 2026: Bot restarted PID=13355
Mon Mar 16 08:45:32 UTC 2026: Restarting bot...
Mon Mar 16 08:45:32 UTC 2026: Bot restarted PID=13370
Mon Mar 16 08:46:10 UTC 2026: Restarting bot...
Mon Mar 16 08:46:10 UTC 2026: Bot restarted PID=13385
Mon Mar 16 08:47:00 UTC 2026: Restarting bot...
Mon Mar 16 08:47:00 UTC 2026: Bot restarted PID=13400
Mon Mar 16 08:47:33 UTC 2026: Restarting bot...
Mon Mar 16 08:47:33 UTC 2026: Bot restarted PID=13415
Mon Mar 16 08:48:00 UTC 2026: Restarting bot...
Mon Mar 16 08:48:00 UTC 2026: Bot restarted PID=13428
Mon Mar 16 08:48:33 UTC 2026: Restarting bot...
Mon Mar 16 08:48:33 UTC 2026: Bot restarted PID=13443
Mon Mar 16 08:49:00 UTC 2026: Restarting bot...
Mon Mar 16 08:49:00 UTC 2026: Bot restarted PID=13456
Mon Mar 16 08:49:33 UTC 2026: Restarting bot...
Mon Mar 16 08:49:33 UTC 2026: Bot restarted PID=13471
Mon Mar 16 08:50:11 UTC 2026: Restarting bot...
Mon Mar 16 08:50:11 UTC 2026: Bot restarted PID=13486
Mon Mar 16 08:51:01 UTC 2026: Restarting bot...
Mon Mar 16 08:51:01 UTC 2026: Bot restarted PID=13501
Mon Mar 16 08:51:34 UTC 2026: Restarting bot...
Mon Mar 16 08:51:34 UTC 2026: Bot restarted PID=13516
Mon Mar 16 08:52:01 UTC 2026: Restarting bot...
Mon Mar 16 08:52:02 UTC 2026: Bot restarted PID=13529
Mon Mar 16 08:52:34 UTC 2026: Restarting bot...
Mon Mar 16 08:52:34 UTC 2026: Bot restarted PID=13544
Mon Mar 16 08:53:02 UTC 2026: Restarting bot...
Mon Mar 16 08:53:02 UTC 2026: Bot restarted PID=13557
Mon Mar 16 08:53:34 UTC 2026: Restarting bot...
Mon Mar 16 08:53:34 UTC 2026: Bot restarted PID=13572
Mon Mar 16 08:54:02 UTC 2026: Restarting bot...
Mon Mar 16 08:54:02 UTC 2026: Bot restarted PID=13585
Mon Mar 16 08:54:35 UTC 2026: Restarting bot...
Mon Mar 16 08:54:35 UTC 2026: Bot restarted PID=13600
Mon Mar 16 08:55:02 UTC 2026: Restarting bot...
Mon Mar 16 08:55:02 UTC 2026: Bot restarted PID=13613
Mon Mar 16 08:55:35 UTC 2026: Restarting bot...
Mon Mar 16 08:55:35 UTC 2026: Bot restarted PID=13628
Mon Mar 16 08:56:03 UTC 2026: Restarting bot...
Mon Mar 16 08:56:03 UTC 2026: Bot restarted PID=13641
Mon Mar 16 08:56:35 UTC 2026: Restarting bot...
Mon Mar 16 08:56:35 UTC 2026: Bot restarted PID=13656
Mon Mar 16 08:57:13 UTC 2026: Restarting bot...
Mon Mar 16 08:57:13 UTC 2026: Bot restarted PID=13671
Mon Mar 16 08:58:03 UTC 2026: Restarting bot...
Mon Mar 16 08:58:03 UTC 2026: Bot restarted PID=13686
Mon Mar 16 08:58:36 UTC 2026: Restarting bot...
Mon Mar 16 08:58:36 UTC 2026: Bot restarted PID=13701
Mon Mar 16 08:59:13 UTC 2026: Restarting bot...
Mon Mar 16 08:59:13 UTC 2026: Bot restarted PID=13716
Mon Mar 16 09:00:03 UTC 2026: Restarting bot...
Mon Mar 16 09:00:03 UTC 2026: Bot restarted PID=13731
Mon Mar 16 09:00:36 UTC 2026: Restarting bot...
Mon Mar 16 09:00:36 UTC 2026: Bot restarted PID=13746
Mon Mar 16 09:01:14 UTC 2026: Restarting bot...
Mon Mar 16 09:01:14 UTC 2026: Bot restarted PID=13761
Mon Mar 16 09:02:04 UTC 2026: Restarting bot...
Mon Mar 16 09:02:04 UTC 2026: Bot restarted PID=13776
Mon Mar 16 09:02:37 UTC 2026: Restarting bot...
Mon Mar 16 09:02:37 UTC 2026: Bot restarted PID=13791
Mon Mar 16 09:03:14 UTC 2026: Restarting bot...
Mon Mar 16 09:03:14 UTC 2026: Bot restarted PID=13806
Mon Mar 16 09:04:04 UTC 2026: Restarting bot...
Mon Mar 16 09:04:05 UTC 2026: Bot restarted PID=13821
Mon Mar 16 09:05:05 UTC 2026: Restarting bot...
Mon Mar 16 09:05:05 UTC 2026: Bot restarted PID=13838
Mon Mar 16 09:06:05 UTC 2026: Restarting bot...
Mon Mar 16 09:06:05 UTC 2026: Bot restarted PID=13855
Mon Mar 16 09:07:16 UTC 2026: Restarting bot...
Mon Mar 16 09:07:16 UTC 2026: Bot restarted PID=13874
Mon Mar 16 09:08:06 UTC 2026: Restarting bot...
Mon Mar 16 09:08:06 UTC 2026: Bot restarted PID=13889
Mon Mar 16 09:09:07 UTC 2026: Restarting bot...
Mon Mar 16 09:09:07 UTC 2026: Bot restarted PID=13906
Mon Mar 16 09:09:39 UTC 2026: Restarting bot...
Mon Mar 16 09:09:39 UTC 2026: Bot restarted PID=13921
Mon Mar 16 09:10:17 UTC 2026: Restarting bot...
Mon Mar 16 09:10:17 UTC 2026: Bot restarted PID=13936
Mon Mar 16 09:11:07 UTC 2026: Restarting bot...
Mon Mar 16 09:11:07 UTC 2026: Bot restarted PID=13951
Mon Mar 16 09:11:40 UTC 2026: Restarting bot...
Mon Mar 16 09:11:40 UTC 2026: Bot restarted PID=13966
Mon Mar 16 09:12:18 UTC 2026: Restarting bot...
Mon Mar 16 09:12:18 UTC 2026: Bot restarted PID=13981
Mon Mar 16 09:13:07 UTC 2026: Restarting bot...
Mon Mar 16 09:13:07 UTC 2026: Bot restarted PID=13996
Mon Mar 16 09:13:40 UTC 2026: Restarting bot...
Mon Mar 16 09:13:40 UTC 2026: Bot restarted PID=14011
Mon Mar 16 09:14:18 UTC 2026: Restarting bot...
Mon Mar 16 09:14:18 UTC 2026: Bot restarted PID=14026
Mon Mar 16 09:15:08 UTC 2026: Restarting bot...
Mon Mar 16 09:15:08 UTC 2026: Bot restarted PID=14041
Mon Mar 16 09:15:40 UTC 2026: Restarting bot...
Mon Mar 16 09:15:41 UTC 2026: Bot restarted PID=14056
Mon Mar 16 09:16:19 UTC 2026: Restarting bot...
Mon Mar 16 09:16:19 UTC 2026: Bot restarted PID=14071
Mon Mar 16 09:17:08 UTC 2026: Restarting bot...
Mon Mar 16 09:17:09 UTC 2026: Bot restarted PID=14086
Mon Mar 16 09:17:41 UTC 2026: Restarting bot...
Mon Mar 16 09:17:41 UTC 2026: Bot restarted PID=14101
Mon Mar 16 09:18:19 UTC 2026: Restarting bot...
Mon Mar 16 09:18:19 UTC 2026: Bot restarted PID=14116
Mon Mar 16 09:19:09 UTC 2026: Restarting bot...
Mon Mar 16 09:19:09 UTC 2026: Bot restarted PID=14131
Mon Mar 16 09:19:42 UTC 2026: Restarting bot...
Mon Mar 16 09:19:42 UTC 2026: Bot restarted PID=14146
Mon Mar 16 09:20:20 UTC 2026: Restarting bot...
Mon Mar 16 09:20:20 UTC 2026: Bot restarted PID=14161
Mon Mar 16 09:21:10 UTC 2026: Restarting bot...
Mon Mar 16 09:21:10 UTC 2026: Bot restarted PID=14176
Mon Mar 16 09:21:42 UTC 2026: Restarting bot...
Mon Mar 16 09:21:42 UTC 2026: Bot restarted PID=14191
Mon Mar 16 09:22:20 UTC 2026: Restarting bot...
Mon Mar 16 09:22:20 UTC 2026: Bot restarted PID=14206
Mon Mar 16 09:23:10 UTC 2026: Restarting bot...
Mon Mar 16 09:23:11 UTC 2026: Bot restarted PID=14221
Mon Mar 16 09:23:42 UTC 2026: Restarting bot...
Mon Mar 16 09:23:42 UTC 2026: Bot restarted PID=14236
Mon Mar 16 09:24:21 UTC 2026: Restarting bot...
Mon Mar 16 09:24:21 UTC 2026: Bot restarted PID=14251
Mon Mar 16 09:25:11 UTC 2026: Restarting bot...
Mon Mar 16 09:25:11 UTC 2026: Bot restarted PID=14266
Mon Mar 16 09:25:43 UTC 2026: Restarting bot...
Mon Mar 16 09:25:43 UTC 2026: Bot restarted PID=14281
Mon Mar 16 09:26:21 UTC 2026: Restarting bot...
Mon Mar 16 09:26:22 UTC 2026: Bot restarted PID=14296
Mon Mar 16 09:27:12 UTC 2026: Restarting bot...
Mon Mar 16 09:27:12 UTC 2026: Bot restarted PID=14311
Mon Mar 16 09:27:43 UTC 2026: Restarting bot...
Mon Mar 16 09:27:43 UTC 2026: Bot restarted PID=14326
Mon Mar 16 09:28:22 UTC 2026: Restarting bot...
Mon Mar 16 09:28:22 UTC 2026: Bot restarted PID=14341
Mon Mar 16 09:29:12 UTC 2026: Restarting bot...
Mon Mar 16 09:29:12 UTC 2026: Bot restarted PID=14356
Mon Mar 16 09:29:43 UTC 2026: Restarting bot...
Mon Mar 16 09:29:44 UTC 2026: Bot restarted PID=14371
Mon Mar 16 09:30:13 UTC 2026: Restarting bot...
Mon Mar 16 09:30:13 UTC 2026: Bot restarted PID=14384
Mon Mar 16 09:30:44 UTC 2026: Restarting bot...
Mon Mar 16 09:30:44 UTC 2026: Bot restarted PID=14399
Mon Mar 16 09:31:13 UTC 2026: Restarting bot...
Mon Mar 16 09:31:13 UTC 2026: Bot restarted PID=14412
watchdog.sh: line 10: 14399 Killed                  nohup python3 main.py >> logs/bot.log 2>&1
Mon Mar 16 09:31:44 UTC 2026: Restarting bot...
Mon Mar 16 09:31:44 UTC 2026: Bot restarted PID=14427
Mon Mar 16 09:32:14 UTC 2026: Restarting bot...
Mon Mar 16 09:32:14 UTC 2026: Bot restarted PID=14440
Mon Mar 16 09:32:44 UTC 2026: Restarting bot...
Mon Mar 16 09:32:44 UTC 2026: Bot restarted PID=14455
Mon Mar 16 09:33:14 UTC 2026: Restarting bot...
Mon Mar 16 09:33:14 UTC 2026: Bot restarted PID=14468
Mon Mar 16 09:33:44 UTC 2026: Restarting bot...
Mon Mar 16 09:33:45 UTC 2026: Bot restarted PID=14483
Mon Mar 16 09:34:14 UTC 2026: Restarting bot...
Mon Mar 16 09:34:14 UTC 2026: Bot restarted PID=14496
Mon Mar 16 09:34:45 UTC 2026: Restarting bot...
Mon Mar 16 09:34:45 UTC 2026: Bot restarted PID=14511
Mon Mar 16 09:35:15 UTC 2026: Restarting bot...
Mon Mar 16 09:35:15 UTC 2026: Bot restarted PID=14524
Mon Mar 16 09:36:15 UTC 2026: Restarting bot...
Mon Mar 16 09:36:15 UTC 2026: Bot restarted PID=14541
Mon Mar 16 09:37:15 UTC 2026: Restarting bot...
Mon Mar 16 09:37:15 UTC 2026: Bot restarted PID=14558
Mon Mar 16 09:38:15 UTC 2026: Restarting bot...
Mon Mar 16 09:38:15 UTC 2026: Bot restarted PID=14575
Mon Mar 16 09:39:15 UTC 2026: Restarting bot...
Mon Mar 16 09:39:15 UTC 2026: Bot restarted PID=14592
Mon Mar 16 09:39:46 UTC 2026: Restarting bot...
Mon Mar 16 09:39:46 UTC 2026: Bot restarted PID=14607
Mon Mar 16 09:40:25 UTC 2026: Restarting bot...
Mon Mar 16 09:40:25 UTC 2026: Bot restarted PID=14622
Mon Mar 16 09:41:16 UTC 2026: Restarting bot...
Mon Mar 16 09:41:16 UTC 2026: Bot restarted PID=14637
Mon Mar 16 09:41:47 UTC 2026: Restarting bot...
Mon Mar 16 09:41:47 UTC 2026: Bot restarted PID=14652
Mon Mar 16 09:42:16 UTC 2026: Restarting bot...
Mon Mar 16 09:42:16 UTC 2026: Bot restarted PID=14665
Mon Mar 16 09:42:47 UTC 2026: Restarting bot...
Mon Mar 16 09:42:47 UTC 2026: Bot restarted PID=14680
Mon Mar 16 09:43:17 UTC 2026: Restarting bot...
Mon Mar 16 09:43:17 UTC 2026: Bot restarted PID=14693
Mon Mar 16 09:43:47 UTC 2026: Restarting bot...
Mon Mar 16 09:43:47 UTC 2026: Bot restarted PID=14708
Mon Mar 16 09:44:17 UTC 2026: Restarting bot...
Mon Mar 16 09:44:17 UTC 2026: Bot restarted PID=14721
Mon Mar 16 09:44:47 UTC 2026: Restarting bot...
Mon Mar 16 09:44:47 UTC 2026: Bot restarted PID=14736
Mon Mar 16 09:45:26 UTC 2026: Restarting bot...
Mon Mar 16 09:45:26 UTC 2026: Bot restarted PID=14751
Mon Mar 16 09:46:17 UTC 2026: Restarting bot...
Mon Mar 16 09:46:17 UTC 2026: Bot restarted PID=14766
Mon Mar 16 09:46:47 UTC 2026: Restarting bot...
Mon Mar 16 09:46:47 UTC 2026: Bot restarted PID=14781
Mon Mar 16 09:47:18 UTC 2026: Restarting bot...
Mon Mar 16 09:47:18 UTC 2026: Bot restarted PID=14794
Mon Mar 16 09:47:48 UTC 2026: Restarting bot...
Mon Mar 16 09:47:48 UTC 2026: Bot restarted PID=14809
Mon Mar 16 09:48:18 UTC 2026: Restarting bot...
Mon Mar 16 09:48:18 UTC 2026: Bot restarted PID=14822
Mon Mar 16 09:48:48 UTC 2026: Restarting bot...
Mon Mar 16 09:48:48 UTC 2026: Bot restarted PID=14837
Mon Mar 16 09:49:18 UTC 2026: Restarting bot...
Mon Mar 16 09:49:18 UTC 2026: Bot restarted PID=14850
Mon Mar 16 09:49:48 UTC 2026: Restarting bot...
Mon Mar 16 09:49:48 UTC 2026: Bot restarted PID=14865
Mon Mar 16 09:50:19 UTC 2026: Restarting bot...
Mon Mar 16 09:50:19 UTC 2026: Bot restarted PID=14878
Mon Mar 16 09:50:48 UTC 2026: Restarting bot...
Mon Mar 16 09:50:48 UTC 2026: Bot restarted PID=14893
Mon Mar 16 09:51:19 UTC 2026: Restarting bot...
Mon Mar 16 09:51:19 UTC 2026: Bot restarted PID=14906
watchdog.sh: line 10: 14893 Killed                  nohup python3 main.py >> logs/bot.log 2>&1
Mon Mar 16 09:51:49 UTC 2026: Restarting bot...
Mon Mar 16 09:51:49 UTC 2026: Bot restarted PID=14921
Mon Mar 16 09:52:19 UTC 2026: Restarting bot...
Mon Mar 16 09:52:19 UTC 2026: Bot restarted PID=14934
Mon Mar 16 09:52:49 UTC 2026: Restarting bot...
Mon Mar 16 09:52:49 UTC 2026: Bot restarted PID=14949
Mon Mar 16 09:53:19 UTC 2026: Restarting bot...
Mon Mar 16 09:53:20 UTC 2026: Bot restarted PID=14962
Mon Mar 16 09:53:49 UTC 2026: Restarting bot...
Mon Mar 16 09:53:49 UTC 2026: Bot restarted PID=14977
Mon Mar 16 09:54:20 UTC 2026: Restarting bot...
Mon Mar 16 09:54:20 UTC 2026: Bot restarted PID=14990
Mon Mar 16 09:54:49 UTC 2026: Restarting bot...
Mon Mar 16 09:54:49 UTC 2026: Bot restarted PID=15005
Mon Mar 16 09:55:20 UTC 2026: Restarting bot...
Mon Mar 16 09:55:20 UTC 2026: Bot restarted PID=15018
Mon Mar 16 09:55:50 UTC 2026: Restarting bot...
Mon Mar 16 09:55:50 UTC 2026: Bot restarted PID=15033
Mon Mar 16 09:56:20 UTC 2026: Restarting bot...
Mon Mar 16 09:56:20 UTC 2026: Bot restarted PID=15046
Mon Mar 16 09:57:21 UTC 2026: Restarting bot...
Mon Mar 16 09:57:21 UTC 2026: Bot restarted PID=15063
Mon Mar 16 09:58:21 UTC 2026: Restarting bot...
Mon Mar 16 09:58:21 UTC 2026: Bot restarted PID=15080
Mon Mar 16 09:58:51 UTC 2026: Restarting bot...
Mon Mar 16 09:58:51 UTC 2026: Bot restarted PID=15095
Mon Mar 16 09:59:21 UTC 2026: Restarting bot...
Mon Mar 16 09:59:21 UTC 2026: Bot restarted PID=15108
Mon Mar 16 09:59:51 UTC 2026: Restarting bot...
Mon Mar 16 09:59:51 UTC 2026: Bot restarted PID=15123
Mon Mar 16 10:00:21 UTC 2026: Restarting bot...
Mon Mar 16 10:00:21 UTC 2026: Bot restarted PID=15136
Mon Mar 16 10:00:51 UTC 2026: Restarting bot...
Mon Mar 16 10:00:51 UTC 2026: Bot restarted PID=15151
Mon Mar 16 10:01:22 UTC 2026: Restarting bot...
Mon Mar 16 10:01:22 UTC 2026: Bot restarted PID=15164
watchdog.sh: line 10: 15151 Killed                  nohup python3 main.py >> logs/bot.log 2>&1
Mon Mar 16 10:01:51 UTC 2026: Restarting bot...
Mon Mar 16 10:01:51 UTC 2026: Bot restarted PID=15179
Mon Mar 16 10:02:31 UTC 2026: Restarting bot...
Mon Mar 16 10:02:31 UTC 2026: Bot restarted PID=15194
Mon Mar 16 10:03:23 UTC 2026: Restarting bot...
Mon Mar 16 10:03:23 UTC 2026: Bot restarted PID=15209
Mon Mar 16 10:03:52 UTC 2026: Restarting bot...
Mon Mar 16 10:03:52 UTC 2026: Bot restarted PID=15224
Mon Mar 16 10:04:23 UTC 2026: Restarting bot...
Mon Mar 16 10:04:23 UTC 2026: Bot restarted PID=15237
Mon Mar 16 10:04:52 UTC 2026: Restarting bot...
Mon Mar 16 10:04:52 UTC 2026: Bot restarted PID=15252
Mon Mar 16 10:05:23 UTC 2026: Restarting bot...
Mon Mar 16 10:05:23 UTC 2026: Bot restarted PID=15265
Mon Mar 16 10:06:24 UTC 2026: Restarting bot...
Mon Mar 16 10:06:24 UTC 2026: Bot restarted PID=15282
Mon Mar 16 10:07:24 UTC 2026: Restarting bot...
Mon Mar 16 10:07:24 UTC 2026: Bot restarted PID=15299
Mon Mar 16 10:08:24 UTC 2026: Restarting bot...
Mon Mar 16 10:08:24 UTC 2026: Bot restarted PID=15316
Mon Mar 16 10:08:53 UTC 2026: Restarting bot...
Mon Mar 16 10:08:53 UTC 2026: Bot restarted PID=15331
Mon Mar 16 10:09:24 UTC 2026: Restarting bot...
Mon Mar 16 10:09:24 UTC 2026: Bot restarted PID=15344
Mon Mar 16 10:09:53 UTC 2026: Restarting bot...
Mon Mar 16 10:09:53 UTC 2026: Bot restarted PID=15359
Mon Mar 16 10:10:24 UTC 2026: Restarting bot...
Mon Mar 16 10:10:24 UTC 2026: Bot restarted PID=15372
Mon Mar 16 10:10:53 UTC 2026: Restarting bot...
Mon Mar 16 10:10:53 UTC 2026: Bot restarted PID=15387
Mon Mar 16 10:11:24 UTC 2026: Restarting bot...
Mon Mar 16 10:11:24 UTC 2026: Bot restarted PID=15396
watchdog.sh: line 10: 15387 Killed                  nohup python3 main.py >> logs/bot.log 2>&1
Mon Mar 16 10:11:54 UTC 2026: Restarting bot...
Mon Mar 16 10:11:54 UTC 2026: Bot restarted PID=15411
Mon Mar 16 10:12:24 UTC 2026: Restarting bot...
Mon Mar 16 10:12:25 UTC 2026: Bot restarted PID=15424
Mon Mar 16 10:12:54 UTC 2026: Restarting bot...
Mon Mar 16 10:12:54 UTC 2026: Bot restarted PID=15439
Mon Mar 16 10:13:25 UTC 2026: Restarting bot...
Mon Mar 16 10:13:25 UTC 2026: Bot restarted PID=15452
Mon Mar 16 10:14:25 UTC 2026: Restarting bot...
Mon Mar 16 10:14:25 UTC 2026: Bot restarted PID=15469
Mon Mar 16 10:15:25 UTC 2026: Restarting bot...
Mon Mar 16 10:15:25 UTC 2026: Bot restarted PID=15486
Mon Mar 16 10:16:25 UTC 2026: Restarting bot...
Mon Mar 16 10:16:25 UTC 2026: Bot restarted PID=15503
Mon Mar 16 10:17:26 UTC 2026: Restarting bot...
Mon Mar 16 10:17:26 UTC 2026: Bot restarted PID=15520
Mon Mar 16 10:18:26 UTC 2026: Restarting bot...
Mon Mar 16 10:18:26 UTC 2026: Bot restarted PID=15537
Mon Mar 16 10:19:26 UTC 2026: Restarting bot...
Mon Mar 16 10:19:27 UTC 2026: Bot restarted PID=15554
Mon Mar 16 10:20:27 UTC 2026: Restarting bot...
Mon Mar 16 10:20:27 UTC 2026: Bot restarted PID=15571
Mon Mar 16 10:21:27 UTC 2026: Restarting bot...
Mon Mar 16 10:21:27 UTC 2026: Bot restarted PID=15588
Mon Mar 16 10:21:56 UTC 2026: Restarting bot...
Mon Mar 16 10:21:56 UTC 2026: Bot restarted PID=15603
Mon Mar 16 10:22:27 UTC 2026: Restarting bot...
Mon Mar 16 10:22:27 UTC 2026: Bot restarted PID=15616
Mon Mar 16 10:22:56 UTC 2026: Restarting bot...
Mon Mar 16 10:22:56 UTC 2026: Bot restarted PID=15631
Mon Mar 16 10:23:28 UTC 2026: Restarting bot...
Mon Mar 16 10:23:28 UTC 2026: Bot restarted PID=15644
Mon Mar 16 10:23:56 UTC 2026: Restarting bot...
Mon Mar 16 10:23:57 UTC 2026: Bot restarted PID=15659
Mon Mar 16 10:24:37 UTC 2026: Restarting bot...
Mon Mar 16 10:24:37 UTC 2026: Bot restarted PID=15674
Mon Mar 16 10:25:28 UTC 2026: Restarting bot...
Mon Mar 16 10:25:28 UTC 2026: Bot restarted PID=15689
Mon Mar 16 10:26:28 UTC 2026: Restarting bot...
Mon Mar 16 10:26:28 UTC 2026: Bot restarted PID=15706
Mon Mar 16 10:26:57 UTC 2026: Restarting bot...
Mon Mar 16 10:26:57 UTC 2026: Bot restarted PID=15721
Mon Mar 16 10:27:28 UTC 2026: Restarting bot...
Mon Mar 16 10:27:29 UTC 2026: Bot restarted PID=15734
Mon Mar 16 10:27:58 UTC 2026: Restarting bot...
Mon Mar 16 10:27:58 UTC 2026: Bot restarted PID=15749
Mon Mar 16 10:28:29 UTC 2026: Restarting bot...
Mon Mar 16 10:28:29 UTC 2026: Bot restarted PID=15762
Mon Mar 16 10:28:58 UTC 2026: Restarting bot...
Mon Mar 16 10:28:58 UTC 2026: Bot restarted PID=15777
Mon Mar 16 10:29:29 UTC 2026: Restarting bot...
Mon Mar 16 10:29:29 UTC 2026: Bot restarted PID=15790
Mon Mar 16 10:29:58 UTC 2026: Restarting bot...
Mon Mar 16 10:29:58 UTC 2026: Bot restarted PID=15805
Mon Mar 16 10:30:29 UTC 2026: Restarting bot...
Mon Mar 16 10:30:29 UTC 2026: Bot restarted PID=15818
Mon Mar 16 10:30:58 UTC 2026: Restarting bot...
Mon Mar 16 10:30:58 UTC 2026: Bot restarted PID=15833
Mon Mar 16 10:31:29 UTC 2026: Restarting bot...
Mon Mar 16 10:31:29 UTC 2026: Bot restarted PID=15839
watchdog.sh: line 10: 15833 Killed                  nohup python3 main.py >> logs/bot.log 2>&1
Mon Mar 16 10:31:59 UTC 2026: Restarting bot...
Mon Mar 16 10:31:59 UTC 2026: Bot restarted PID=15854
Mon Mar 16 10:32:30 UTC 2026: Restarting bot...
Mon Mar 16 10:32:30 UTC 2026: Bot restarted PID=15867
Mon Mar 16 10:33:30 UTC 2026: Restarting bot...
Mon Mar 16 10:33:30 UTC 2026: Bot restarted PID=15884
Mon Mar 16 10:33:59 UTC 2026: Restarting bot...
Mon Mar 16 10:33:59 UTC 2026: Bot restarted PID=15899
Mon Mar 16 10:34:30 UTC 2026: Restarting bot...
Mon Mar 16 10:34:30 UTC 2026: Bot restarted PID=15912
Mon Mar 16 10:35:00 UTC 2026: Restarting bot...
Mon Mar 16 10:35:00 UTC 2026: Bot restarted PID=15927
Mon Mar 16 10:35:30 UTC 2026: Restarting bot...
Mon Mar 16 10:35:30 UTC 2026: Bot restarted PID=15940
Mon Mar 16 10:36:30 UTC 2026: Restarting bot...
Mon Mar 16 10:36:31 UTC 2026: Bot restarted PID=15957
Mon Mar 16 10:37:31 UTC 2026: Restarting bot...
Mon Mar 16 10:37:31 UTC 2026: Bot restarted PID=15974
Mon Mar 16 10:38:01 UTC 2026: Restarting bot...
Mon Mar 16 10:38:01 UTC 2026: Bot restarted PID=15989
Mon Mar 16 10:38:31 UTC 2026: Restarting bot...
Mon Mar 16 10:38:31 UTC 2026: Bot restarted PID=16002
Mon Mar 16 10:39:01 UTC 2026: Restarting bot...
Mon Mar 16 10:39:01 UTC 2026: Bot restarted PID=16017
Mon Mar 16 10:39:31 UTC 2026: Restarting bot...
Mon Mar 16 10:39:31 UTC 2026: Bot restarted PID=16030
Mon Mar 16 10:40:01 UTC 2026: Restarting bot...
Mon Mar 16 10:40:02 UTC 2026: Bot restarted PID=16045
Mon Mar 16 10:40:32 UTC 2026: Restarting bot...
Mon Mar 16 10:40:32 UTC 2026: Bot restarted PID=16058
Mon Mar 16 10:41:02 UTC 2026: Restarting bot...
Mon Mar 16 10:41:02 UTC 2026: Bot restarted PID=16073
Mon Mar 16 10:41:32 UTC 2026: Restarting bot...
Mon Mar 16 10:41:32 UTC 2026: Bot restarted PID=16079
watchdog.sh: line 10: 16073 Killed                  nohup python3 main.py >> logs/bot.log 2>&1
Mon Mar 16 10:42:02 UTC 2026: Restarting bot...
Mon Mar 16 10:42:03 UTC 2026: Bot restarted PID=16094
Mon Mar 16 10:42:32 UTC 2026: Restarting bot...
Mon Mar 16 10:42:32 UTC 2026: Bot restarted PID=16107
Mon Mar 16 10:43:03 UTC 2026: Restarting bot...
Mon Mar 16 10:43:03 UTC 2026: Bot restarted PID=16122
Mon Mar 16 10:43:32 UTC 2026: Restarting bot...
Mon Mar 16 10:43:32 UTC 2026: Bot restarted PID=16135
Mon Mar 16 10:44:03 UTC 2026: Restarting bot...
Mon Mar 16 10:44:03 UTC 2026: Bot restarted PID=16150
Mon Mar 16 10:44:32 UTC 2026: Restarting bot...
Mon Mar 16 10:44:32 UTC 2026: Bot restarted PID=16163
Mon Mar 16 10:45:03 UTC 2026: Restarting bot...
Mon Mar 16 10:45:03 UTC 2026: Bot restarted PID=16178
Mon Mar 16 10:45:33 UTC 2026: Restarting bot...
Mon Mar 16 10:45:33 UTC 2026: Bot restarted PID=16191
Mon Mar 16 10:46:04 UTC 2026: Restarting bot...
Mon Mar 16 10:46:04 UTC 2026: Bot restarted PID=16206
Mon Mar 16 10:46:33 UTC 2026: Restarting bot...
Mon Mar 16 10:46:33 UTC 2026: Bot restarted PID=16219
Mon Mar 16 10:47:04 UTC 2026: Restarting bot...
Mon Mar 16 10:47:04 UTC 2026: Bot restarted PID=16234
Mon Mar 16 10:47:34 UTC 2026: Restarting bot...
Mon Mar 16 10:47:34 UTC 2026: Bot restarted PID=16247
Mon Mar 16 10:48:04 UTC 2026: Restarting bot...
Mon Mar 16 10:48:04 UTC 2026: Bot restarted PID=16262
Mon Mar 16 10:48:34 UTC 2026: Restarting bot...
Mon Mar 16 10:48:34 UTC 2026: Bot restarted PID=16275
Mon Mar 16 10:49:05 UTC 2026: Restarting bot...
Mon Mar 16 10:49:05 UTC 2026: Bot restarted PID=16290
Mon Mar 16 10:49:35 UTC 2026: Restarting bot...
Mon Mar 16 10:49:35 UTC 2026: Bot restarted PID=16303
Mon Mar 16 10:50:05 UTC 2026: Restarting bot...
Mon Mar 16 10:50:05 UTC 2026: Bot restarted PID=16318
Mon Mar 16 10:50:35 UTC 2026: Restarting bot...
Mon Mar 16 10:50:35 UTC 2026: Bot restarted PID=16331
Mon Mar 16 10:51:05 UTC 2026: Restarting bot...
Mon Mar 16 10:51:05 UTC 2026: Bot restarted PID=16346
Mon Mar 16 10:51:35 UTC 2026: Restarting bot...
Mon Mar 16 10:51:36 UTC 2026: Bot restarted PID=16352
watchdog.sh: line 10: 16346 Killed                  nohup python3 main.py >> logs/bot.log 2>&1
Mon Mar 16 10:52:05 UTC 2026: Restarting bot...
Mon Mar 16 10:52:05 UTC 2026: Bot restarted PID=16367
Mon Mar 16 10:52:36 UTC 2026: Restarting bot...
Mon Mar 16 10:52:36 UTC 2026: Bot restarted PID=16380
Mon Mar 16 10:53:05 UTC 2026: Restarting bot...
Mon Mar 16 10:53:05 UTC 2026: Bot restarted PID=16395
Mon Mar 16 10:53:36 UTC 2026: Restarting bot...
Mon Mar 16 10:53:36 UTC 2026: Bot restarted PID=16408
Mon Mar 16 10:54:06 UTC 2026: Restarting bot...
Mon Mar 16 10:54:06 UTC 2026: Bot restarted PID=16423
Mon Mar 16 10:54:36 UTC 2026: Restarting bot...
Mon Mar 16 10:54:36 UTC 2026: Bot restarted PID=16436
Mon Mar 16 10:55:06 UTC 2026: Restarting bot...
Mon Mar 16 10:55:06 UTC 2026: Bot restarted PID=16451
Mon Mar 16 10:55:37 UTC 2026: Restarting bot...
Mon Mar 16 10:55:37 UTC 2026: Bot restarted PID=16464
Mon Mar 16 10:56:06 UTC 2026: Restarting bot...
Mon Mar 16 10:56:06 UTC 2026: Bot restarted PID=16479
Mon Mar 16 10:56:46 UTC 2026: Restarting bot...
Mon Mar 16 10:56:46 UTC 2026: Bot restarted PID=16494
Mon Mar 16 10:57:37 UTC 2026: Restarting bot...
Mon Mar 16 10:57:37 UTC 2026: Bot restarted PID=16509
Mon Mar 16 10:58:07 UTC 2026: Restarting bot...
Mon Mar 16 10:58:07 UTC 2026: Bot restarted PID=16524
Mon Mar 16 10:58:37 UTC 2026: Restarting bot...
Mon Mar 16 10:58:37 UTC 2026: Bot restarted PID=16537
Mon Mar 16 10:59:07 UTC 2026: Restarting bot...
Mon Mar 16 10:59:07 UTC 2026: Bot restarted PID=16552
Mon Mar 16 10:59:37 UTC 2026: Restarting bot...
Mon Mar 16 10:59:38 UTC 2026: Bot restarted PID=16565
Mon Mar 16 11:00:07 UTC 2026: Restarting bot...
Mon Mar 16 11:00:07 UTC 2026: Bot restarted PID=16580
Mon Mar 16 11:00:38 UTC 2026: Restarting bot...
Mon Mar 16 11:00:38 UTC 2026: Bot restarted PID=16593
Mon Mar 16 11:01:08 UTC 2026: Restarting bot...
Mon Mar 16 11:01:08 UTC 2026: Bot restarted PID=16608
Mon Mar 16 11:01:38 UTC 2026: Restarting bot...
Mon Mar 16 11:01:38 UTC 2026: Bot restarted PID=16614
watchdog.sh: line 10: 16608 Killed                  nohup python3 main.py >> logs/bot.log 2>&1
Mon Mar 16 11:02:08 UTC 2026: Restarting bot...
Mon Mar 16 11:02:08 UTC 2026: Bot restarted PID=16629
Mon Mar 16 11:02:38 UTC 2026: Restarting bot...
Mon Mar 16 11:02:38 UTC 2026: Bot restarted PID=16642
Mon Mar 16 11:03:08 UTC 2026: Restarting bot...
Mon Mar 16 11:03:08 UTC 2026: Bot restarted PID=16657
Mon Mar 16 11:03:38 UTC 2026: Restarting bot...
Mon Mar 16 11:03:38 UTC 2026: Bot restarted PID=16670
Mon Mar 16 11:04:08 UTC 2026: Restarting bot...
Mon Mar 16 11:04:08 UTC 2026: Bot restarted PID=16685
Mon Mar 16 11:04:47 UTC 2026: Restarting bot...
Mon Mar 16 11:04:47 UTC 2026: Bot restarted PID=16700
Mon Mar 16 11:05:39 UTC 2026: Restarting bot...
Mon Mar 16 11:05:39 UTC 2026: Bot restarted PID=16715
Mon Mar 16 11:06:39 UTC 2026: Restarting bot...
Mon Mar 16 11:06:39 UTC 2026: Bot restarted PID=16732
Mon Mar 16 11:07:09 UTC 2026: Restarting bot...
Mon Mar 16 11:07:10 UTC 2026: Bot restarted PID=16747
Mon Mar 16 11:07:48 UTC 2026: Restarting bot...
Mon Mar 16 11:07:48 UTC 2026: Bot restarted PID=16762
Mon Mar 16 11:08:40 UTC 2026: Restarting bot...
Mon Mar 16 11:08:40 UTC 2026: Bot restarted PID=16777
Mon Mar 16 11:09:40 UTC 2026: Restarting bot...
Mon Mar 16 11:09:40 UTC 2026: Bot restarted PID=16794
Mon Mar 16 11:10:10 UTC 2026: Restarting bot...
Mon Mar 16 11:10:11 UTC 2026: Bot restarted PID=16809
Mon Mar 16 11:10:49 UTC 2026: Restarting bot...
Mon Mar 16 11:10:49 UTC 2026: Bot restarted PID=16824
Mon Mar 16 11:11:40 UTC 2026: Restarting bot...
Mon Mar 16 11:11:40 UTC 2026: Bot restarted PID=16839
watchdog.sh: line 10: 16824 Killed                  nohup python3 main.py >> logs/bot.log 2>&1
Mon Mar 16 11:12:41 UTC 2026: Restarting bot...
Mon Mar 16 11:12:41 UTC 2026: Bot restarted PID=16856
Mon Mar 16 11:13:12 UTC 2026: Restarting bot...
Mon Mar 16 11:13:12 UTC 2026: Bot restarted PID=16871
Mon Mar 16 11:13:41 UTC 2026: Restarting bot...
Mon Mar 16 11:13:41 UTC 2026: Bot restarted PID=16884
Mon Mar 16 11:14:41 UTC 2026: Restarting bot...
Mon Mar 16 11:14:41 UTC 2026: Bot restarted PID=16901
Mon Mar 16 11:15:12 UTC 2026: Restarting bot...
Mon Mar 16 11:15:12 UTC 2026: Bot restarted PID=16916
Mon Mar 16 11:15:50 UTC 2026: Restarting bot...
Mon Mar 16 11:15:50 UTC 2026: Bot restarted PID=16931
Mon Mar 16 11:16:42 UTC 2026: Restarting bot...
Mon Mar 16 11:16:42 UTC 2026: Bot restarted PID=16946
Mon Mar 16 11:17:13 UTC 2026: Restarting bot...
Mon Mar 16 11:17:13 UTC 2026: Bot restarted PID=16961
Mon Mar 16 11:17:51 UTC 2026: Restarting bot...
Mon Mar 16 11:17:51 UTC 2026: Bot restarted PID=16976
Mon Mar 16 11:18:42 UTC 2026: Restarting bot...
Mon Mar 16 11:18:43 UTC 2026: Bot restarted PID=16991
Mon Mar 16 11:19:13 UTC 2026: Restarting bot...
Mon Mar 16 11:19:13 UTC 2026: Bot restarted PID=17006
Mon Mar 16 11:19:43 UTC 2026: Restarting bot...
Mon Mar 16 11:19:43 UTC 2026: Bot restarted PID=17019
Mon Mar 16 11:20:14 UTC 2026: Restarting bot...
Mon Mar 16 11:20:14 UTC 2026: Bot restarted PID=17034
Mon Mar 16 11:20:43 UTC 2026: Restarting bot...
Mon Mar 16 11:20:43 UTC 2026: Bot restarted PID=17047
Mon Mar 16 11:21:14 UTC 2026: Restarting bot...
Mon Mar 16 11:21:14 UTC 2026: Bot restarted PID=17062
watchdog.sh: line 10: 17047 Killed                  nohup python3 main.py >> logs/bot.log 2>&1
Mon Mar 16 11:21:44 UTC 2026: Restarting bot...
Mon Mar 16 11:21:44 UTC 2026: Bot restarted PID=17075
Mon Mar 16 11:22:14 UTC 2026: Restarting bot...
Mon Mar 16 11:22:14 UTC 2026: Bot restarted PID=17090
Mon Mar 16 11:22:44 UTC 2026: Restarting bot...
Mon Mar 16 11:22:44 UTC 2026: Bot restarted PID=17103
Mon Mar 16 11:23:14 UTC 2026: Restarting bot...
Mon Mar 16 11:23:14 UTC 2026: Bot restarted PID=17118
Mon Mar 16 11:23:52 UTC 2026: Restarting bot...
Mon Mar 16 11:23:53 UTC 2026: Bot restarted PID=17133
Mon Mar 16 11:24:45 UTC 2026: Restarting bot...
Mon Mar 16 11:24:45 UTC 2026: Bot restarted PID=17148
Mon Mar 16 11:25:15 UTC 2026: Restarting bot...
Mon Mar 16 11:25:15 UTC 2026: Bot restarted PID=17163
Mon Mar 16 11:25:53 UTC 2026: Restarting bot...
Mon Mar 16 11:25:53 UTC 2026: Bot restarted PID=17178
Mon Mar 16 11:26:45 UTC 2026: Restarting bot...
Mon Mar 16 11:26:45 UTC 2026: Bot restarted PID=17193
Mon Mar 16 11:27:45 UTC 2026: Restarting bot...
Mon Mar 16 11:27:45 UTC 2026: Bot restarted PID=17210
Mon Mar 16 11:28:45 UTC 2026: Restarting bot...
Mon Mar 16 11:28:45 UTC 2026: Bot restarted PID=17227
Mon Mar 16 11:29:16 UTC 2026: Restarting bot...
Mon Mar 16 11:29:16 UTC 2026: Bot restarted PID=17242
Mon Mar 16 11:29:46 UTC 2026: Restarting bot...
Mon Mar 16 11:29:46 UTC 2026: Bot restarted PID=17255
Mon Mar 16 11:30:46 UTC 2026: Restarting bot...
Mon Mar 16 11:30:46 UTC 2026: Bot restarted PID=17272
Mon Mar 16 11:31:17 UTC 2026: Restarting bot...
Mon Mar 16 11:31:17 UTC 2026: Bot restarted PID=17287
watchdog.sh: line 10: 17272 Killed                  nohup python3 main.py >> logs/bot.log 2>&1
Mon Mar 16 11:31:55 UTC 2026: Restarting bot...
Mon Mar 16 11:31:55 UTC 2026: Bot restarted PID=17302
Mon Mar 16 11:32:46 UTC 2026: Restarting bot...
Mon Mar 16 11:32:47 UTC 2026: Bot restarted PID=17317
Mon Mar 16 11:33:47 UTC 2026: Restarting bot...
Mon Mar 16 11:33:47 UTC 2026: Bot restarted PID=17334
Mon Mar 16 11:34:47 UTC 2026: Restarting bot...
Mon Mar 16 11:34:47 UTC 2026: Bot restarted PID=17351
Mon Mar 16 11:35:48 UTC 2026: Restarting bot...
Mon Mar 16 11:35:48 UTC 2026: Bot restarted PID=17368
Mon Mar 16 11:36:48 UTC 2026: Restarting bot...
Mon Mar 16 11:36:48 UTC 2026: Bot restarted PID=17385
Mon Mar 16 11:37:49 UTC 2026: Restarting bot...
Mon Mar 16 11:37:49 UTC 2026: Bot restarted PID=17402
Mon Mar 16 11:38:49 UTC 2026: Restarting bot...
Mon Mar 16 11:38:49 UTC 2026: Bot restarted PID=17419
Mon Mar 16 11:39:49 UTC 2026: Restarting bot...
Mon Mar 16 11:39:49 UTC 2026: Bot restarted PID=17436
Mon Mar 16 11:40:49 UTC 2026: Restarting bot...
Mon Mar 16 11:40:50 UTC 2026: Bot restarted PID=17453
Mon Mar 16 11:41:19 UTC 2026: Restarting bot...
Mon Mar 16 11:41:19 UTC 2026: Bot restarted PID=17464
watchdog.sh: line 10: 17453 Killed                  nohup python3 main.py >> logs/bot.log 2>&1
Mon Mar 16 11:41:57 UTC 2026: Restarting bot...
Mon Mar 16 11:41:57 UTC 2026: Bot restarted PID=17479
Mon Mar 16 11:42:50 UTC 2026: Restarting bot...
Mon Mar 16 11:42:50 UTC 2026: Bot restarted PID=17494
Mon Mar 16 11:43:50 UTC 2026: Restarting bot...
Mon Mar 16 11:43:50 UTC 2026: Bot restarted PID=17511
Mon Mar 16 11:44:51 UTC 2026: Restarting bot...
Mon Mar 16 11:44:51 UTC 2026: Bot restarted PID=17528
Mon Mar 16 11:45:51 UTC 2026: Restarting bot...
Mon Mar 16 11:45:51 UTC 2026: Bot restarted PID=17545
Mon Mar 16 11:46:51 UTC 2026: Restarting bot...
Mon Mar 16 11:46:51 UTC 2026: Bot restarted PID=17562
Mon Mar 16 11:47:52 UTC 2026: Restarting bot...
Mon Mar 16 11:47:52 UTC 2026: Bot restarted PID=17579
Mon Mar 16 11:48:52 UTC 2026: Restarting bot...
Mon Mar 16 11:48:52 UTC 2026: Bot restarted PID=17596
Mon Mar 16 11:49:52 UTC 2026: Restarting bot...
Mon Mar 16 11:49:52 UTC 2026: Bot restarted PID=17613
Mon Mar 16 11:50:53 UTC 2026: Restarting bot...
Mon Mar 16 11:50:53 UTC 2026: Bot restarted PID=17630
Mon Mar 16 11:51:21 UTC 2026: Restarting bot...
Mon Mar 16 11:51:21 UTC 2026: Bot restarted PID=17638
watchdog.sh: line 10: 17630 Killed                  nohup python3 main.py >> logs/bot.log 2>&1
Mon Mar 16 11:51:59 UTC 2026: Restarting bot...
Mon Mar 16 11:52:00 UTC 2026: Bot restarted PID=17653
Mon Mar 16 11:52:53 UTC 2026: Restarting bot...
Mon Mar 16 11:52:53 UTC 2026: Bot restarted PID=17668
Mon Mar 16 11:53:54 UTC 2026: Restarting bot...
Mon Mar 16 11:53:54 UTC 2026: Bot restarted PID=17685
Mon Mar 16 11:54:54 UTC 2026: Restarting bot...
Mon Mar 16 11:54:54 UTC 2026: Bot restarted PID=17702
Mon Mar 16 11:55:54 UTC 2026: Restarting bot...
Mon Mar 16 11:55:54 UTC 2026: Bot restarted PID=17719
Mon Mar 16 11:56:54 UTC 2026: Restarting bot...
Mon Mar 16 11:56:54 UTC 2026: Bot restarted PID=17736
Mon Mar 16 11:57:54 UTC 2026: Restarting bot...
Mon Mar 16 11:57:54 UTC 2026: Bot restarted PID=17753
Mon Mar 16 11:58:55 UTC 2026: Restarting bot...
Mon Mar 16 11:58:55 UTC 2026: Bot restarted PID=17770
Mon Mar 16 11:59:55 UTC 2026: Restarting bot...
Mon Mar 16 11:59:55 UTC 2026: Bot restarted PID=17787
Mon Mar 16 12:00:55 UTC 2026: Restarting bot...
Mon Mar 16 12:00:55 UTC 2026: Bot restarted PID=17804
Mon Mar 16 12:01:24 UTC 2026: Restarting bot...
Mon Mar 16 12:01:24 UTC 2026: Bot restarted PID=17812
watchdog.sh: line 10: 17804 Killed                  nohup python3 main.py >> logs/bot.log 2>&1
Mon Mar 16 12:02:02 UTC 2026: Restarting bot...
Mon Mar 16 12:02:02 UTC 2026: Bot restarted PID=17827
Mon Mar 16 12:02:56 UTC 2026: Restarting bot...
Mon Mar 16 12:02:56 UTC 2026: Bot restarted PID=17842
Mon Mar 16 12:03:56 UTC 2026: Restarting bot...
Mon Mar 16 12:03:56 UTC 2026: Bot restarted PID=17859
Mon Mar 16 12:04:56 UTC 2026: Restarting bot...
Mon Mar 16 12:04:56 UTC 2026: Bot restarted PID=17876
Mon Mar 16 12:05:57 UTC 2026: Restarting bot...
Mon Mar 16 12:05:57 UTC 2026: Bot restarted PID=17893
Mon Mar 16 12:06:58 UTC 2026: Restarting bot...
Mon Mar 16 12:06:58 UTC 2026: Bot restarted PID=17910
Mon Mar 16 12:07:58 UTC 2026: Restarting bot...
Mon Mar 16 12:07:58 UTC 2026: Bot restarted PID=17927
Mon Mar 16 12:08:58 UTC 2026: Restarting bot...
Mon Mar 16 12:08:58 UTC 2026: Bot restarted PID=17944
Mon Mar 16 12:09:58 UTC 2026: Restarting bot...
Mon Mar 16 12:09:58 UTC 2026: Bot restarted PID=17961
Mon Mar 16 12:10:59 UTC 2026: Restarting bot...
Mon Mar 16 12:10:59 UTC 2026: Bot restarted PID=17978
Mon Mar 16 12:11:26 UTC 2026: Restarting bot...
Mon Mar 16 12:11:26 UTC 2026: Bot restarted PID=17986
watchdog.sh: line 10: 17978 Killed                  nohup python3 main.py >> logs/bot.log 2>&1
Mon Mar 16 12:12:05 UTC 2026: Restarting bot...
Mon Mar 16 12:12:06 UTC 2026: Bot restarted PID=18001
Mon Mar 16 12:12:59 UTC 2026: Restarting bot...
Mon Mar 16 12:12:59 UTC 2026: Bot restarted PID=18016
Mon Mar 16 12:14:00 UTC 2026: Restarting bot...
Mon Mar 16 12:14:00 UTC 2026: Bot restarted PID=18033
Mon Mar 16 12:15:00 UTC 2026: Restarting bot...
Mon Mar 16 12:15:00 UTC 2026: Bot restarted PID=18050
Mon Mar 16 12:16:01 UTC 2026: Restarting bot...
Mon Mar 16 12:16:01 UTC 2026: Bot restarted PID=18067
Mon Mar 16 12:17:01 UTC 2026: Restarting bot...
Mon Mar 16 12:17:01 UTC 2026: Bot restarted PID=18084
Mon Mar 16 12:18:01 UTC 2026: Restarting bot...
Mon Mar 16 12:18:01 UTC 2026: Bot restarted PID=18101
Mon Mar 16 12:19:02 UTC 2026: Restarting bot...
Mon Mar 16 12:19:02 UTC 2026: Bot restarted PID=18118
Mon Mar 16 12:20:02 UTC 2026: Restarting bot...
Mon Mar 16 12:20:02 UTC 2026: Bot restarted PID=18135
Mon Mar 16 12:21:02 UTC 2026: Restarting bot...
Mon Mar 16 12:21:03 UTC 2026: Bot restarted PID=18152
Mon Mar 16 12:21:29 UTC 2026: Restarting bot...
Mon Mar 16 12:21:29 UTC 2026: Bot restarted PID=18160
watchdog.sh: line 10: 18152 Killed                  nohup python3 main.py >> logs/bot.log 2>&1
Mon Mar 16 12:22:03 UTC 2026: Restarting bot...
Mon Mar 16 12:22:03 UTC 2026: Bot restarted PID=18173
Mon Mar 16 12:23:03 UTC 2026: Restarting bot...
Mon Mar 16 12:23:03 UTC 2026: Bot restarted PID=18190
Mon Mar 16 12:24:03 UTC 2026: Restarting bot...
Mon Mar 16 12:24:03 UTC 2026: Bot restarted PID=18207
Mon Mar 16 12:25:04 UTC 2026: Restarting bot...
Mon Mar 16 12:25:04 UTC 2026: Bot restarted PID=18224
Mon Mar 16 12:26:04 UTC 2026: Restarting bot...
Mon Mar 16 12:26:04 UTC 2026: Bot restarted PID=18241
Mon Mar 16 12:27:04 UTC 2026: Restarting bot...
Mon Mar 16 12:27:04 UTC 2026: Bot restarted PID=18258
Mon Mar 16 12:28:04 UTC 2026: Restarting bot...
Mon Mar 16 12:28:04 UTC 2026: Bot restarted PID=18275
Mon Mar 16 12:29:04 UTC 2026: Restarting bot...
Mon Mar 16 12:29:05 UTC 2026: Bot restarted PID=18292
Mon Mar 16 12:30:05 UTC 2026: Restarting bot...
Mon Mar 16 12:30:05 UTC 2026: Bot restarted PID=18309
Mon Mar 16 12:31:05 UTC 2026: Restarting bot...
Mon Mar 16 12:31:05 UTC 2026: Bot restarted PID=18326
Mon Mar 16 12:31:32 UTC 2026: Restarting bot...
Mon Mar 16 12:31:32 UTC 2026: Bot restarted PID=18334
watchdog.sh: line 10: 18326 Killed                  nohup python3 main.py >> logs/bot.log 2>&1
Mon Mar 16 12:32:05 UTC 2026: Restarting bot...
Mon Mar 16 12:32:05 UTC 2026: Bot restarted PID=18347
Mon Mar 16 12:33:06 UTC 2026: Restarting bot...
Mon Mar 16 12:33:06 UTC 2026: Bot restarted PID=18364
Mon Mar 16 12:34:06 UTC 2026: Restarting bot...
Mon Mar 16 12:34:06 UTC 2026: Bot restarted PID=18381
Mon Mar 16 12:35:06 UTC 2026: Restarting bot...
Mon Mar 16 12:35:06 UTC 2026: Bot restarted PID=18398
Mon Mar 16 12:36:07 UTC 2026: Restarting bot...
Mon Mar 16 12:36:07 UTC 2026: Bot restarted PID=18415
Mon Mar 16 12:37:07 UTC 2026: Restarting bot...
Mon Mar 16 12:37:07 UTC 2026: Bot restarted PID=18432
Mon Mar 16 12:38:07 UTC 2026: Restarting bot...
Mon Mar 16 12:38:07 UTC 2026: Bot restarted PID=18449
Mon Mar 16 12:39:07 UTC 2026: Restarting bot...
Mon Mar 16 12:39:07 UTC 2026: Bot restarted PID=18466
Mon Mar 16 12:40:07 UTC 2026: Restarting bot...
Mon Mar 16 12:40:07 UTC 2026: Bot restarted PID=18483
Mon Mar 16 12:41:07 UTC 2026: Restarting bot...
Mon Mar 16 12:41:07 UTC 2026: Bot restarted PID=18500
Mon Mar 16 12:41:12 UTC 2026: Restarting bot...
Mon Mar 16 12:41:12 UTC 2026: Bot restarted PID=18506
watchdog.sh: line 10: 18500 Killed                  nohup python3 main.py >> logs/bot.log 2>&1
Mon Mar 16 12:42:08 UTC 2026: Restarting bot...
Mon Mar 16 12:42:08 UTC 2026: Bot restarted PID=18521
Mon Mar 16 12:43:08 UTC 2026: Restarting bot...
Mon Mar 16 12:43:08 UTC 2026: Bot restarted PID=18538
Mon Mar 16 12:44:08 UTC 2026: Restarting bot...
Mon Mar 16 12:44:08 UTC 2026: Bot restarted PID=18555
Mon Mar 16 12:45:09 UTC 2026: Restarting bot...
Mon Mar 16 12:45:09 UTC 2026: Bot restarted PID=18572
Mon Mar 16 12:46:09 UTC 2026: Restarting bot...
Mon Mar 16 12:46:09 UTC 2026: Bot restarted PID=18589
Mon Mar 16 12:46:36 UTC 2026: Restarting bot...
Mon Mar 16 12:46:36 UTC 2026: Bot restarted PID=18604
Mon Mar 16 12:47:09 UTC 2026: Restarting bot...
Mon Mar 16 12:47:09 UTC 2026: Bot restarted PID=18617
Mon Mar 16 12:48:09 UTC 2026: Restarting bot...
Mon Mar 16 12:48:09 UTC 2026: Bot restarted PID=18634
Mon Mar 16 12:49:09 UTC 2026: Restarting bot...
Mon Mar 16 12:49:10 UTC 2026: Bot restarted PID=18651
Mon Mar 16 12:50:10 UTC 2026: Restarting bot...
Mon Mar 16 12:50:10 UTC 2026: Bot restarted PID=18668
Mon Mar 16 12:51:10 UTC 2026: Restarting bot...
Mon Mar 16 12:51:10 UTC 2026: Bot restarted PID=18685
Mon Mar 16 12:52:10 UTC 2026: Restarting bot...
Mon Mar 16 12:52:10 UTC 2026: Bot restarted PID=18702
Mon Mar 16 12:53:11 UTC 2026: Restarting bot...
Mon Mar 16 12:53:11 UTC 2026: Bot restarted PID=18719
Mon Mar 16 12:54:11 UTC 2026: Restarting bot...
Mon Mar 16 12:54:11 UTC 2026: Bot restarted PID=18736
Mon Mar 16 12:55:11 UTC 2026: Restarting bot...
Mon Mar 16 12:55:11 UTC 2026: Bot restarted PID=18753
Mon Mar 16 12:56:12 UTC 2026: Restarting bot...
Mon Mar 16 12:56:12 UTC 2026: Bot restarted PID=18770
Mon Mar 16 12:57:12 UTC 2026: Restarting bot...
Mon Mar 16 12:57:12 UTC 2026: Bot restarted PID=18787
Mon Mar 16 12:58:12 UTC 2026: Restarting bot...
Mon Mar 16 12:58:12 UTC 2026: Bot restarted PID=18804
Mon Mar 16 12:59:12 UTC 2026: Restarting bot...
Mon Mar 16 12:59:12 UTC 2026: Bot restarted PID=18821
Mon Mar 16 13:00:13 UTC 2026: Restarting bot...
Mon Mar 16 13:00:13 UTC 2026: Bot restarted PID=18838
Mon Mar 16 13:01:13 UTC 2026: Restarting bot...
Mon Mar 16 13:01:13 UTC 2026: Bot restarted PID=18855
Mon Mar 16 13:01:17 UTC 2026: Restarting bot...
Mon Mar 16 13:01:17 UTC 2026: Bot restarted PID=18860
watchdog.sh: line 10: 18855 Killed                  nohup python3 main.py >> logs/bot.log 2>&1
Mon Mar 16 13:02:13 UTC 2026: Restarting bot...
Mon Mar 16 13:02:14 UTC 2026: Bot restarted PID=18875
Mon Mar 16 13:03:14 UTC 2026: Restarting bot...
Mon Mar 16 13:03:14 UTC 2026: Bot restarted PID=18892
Mon Mar 16 13:04:14 UTC 2026: Restarting bot...
Mon Mar 16 13:04:14 UTC 2026: Bot restarted PID=18909
Mon Mar 16 13:05:15 UTC 2026: Restarting bot...
Mon Mar 16 13:05:15 UTC 2026: Bot restarted PID=18926
Mon Mar 16 13:06:15 UTC 2026: Restarting bot...
Mon Mar 16 13:06:15 UTC 2026: Bot restarted PID=18943
Mon Mar 16 13:07:15 UTC 2026: Restarting bot...
Mon Mar 16 13:07:15 UTC 2026: Bot restarted PID=18960
Mon Mar 16 13:08:15 UTC 2026: Restarting bot...
Mon Mar 16 13:08:16 UTC 2026: Bot restarted PID=18977
Mon Mar 16 13:09:16 UTC 2026: Restarting bot...
Mon Mar 16 13:09:16 UTC 2026: Bot restarted PID=18994
Mon Mar 16 13:10:16 UTC 2026: Restarting bot...
Mon Mar 16 13:10:16 UTC 2026: Bot restarted PID=19011
Mon Mar 16 13:11:16 UTC 2026: Restarting bot...
Mon Mar 16 13:11:16 UTC 2026: Bot restarted PID=19028
Mon Mar 16 13:12:17 UTC 2026: Restarting bot...
Mon Mar 16 13:12:17 UTC 2026: Bot restarted PID=19045
Mon Mar 16 13:13:17 UTC 2026: Restarting bot...
Mon Mar 16 13:13:17 UTC 2026: Bot restarted PID=19062
Mon Mar 16 13:14:17 UTC 2026: Restarting bot...
Mon Mar 16 13:14:17 UTC 2026: Bot restarted PID=19079
Mon Mar 16 13:15:17 UTC 2026: Restarting bot...
Mon Mar 16 13:15:17 UTC 2026: Bot restarted PID=19096
Mon Mar 16 13:16:17 UTC 2026: Restarting bot...
Mon Mar 16 13:16:18 UTC 2026: Bot restarted PID=19113
Mon Mar 16 13:17:18 UTC 2026: Restarting bot...
Mon Mar 16 13:17:18 UTC 2026: Bot restarted PID=19130
Mon Mar 16 13:18:18 UTC 2026: Restarting bot...
Mon Mar 16 13:18:18 UTC 2026: Bot restarted PID=19147
Mon Mar 16 13:19:18 UTC 2026: Restarting bot...
Mon Mar 16 13:19:18 UTC 2026: Bot restarted PID=19164
Mon Mar 16 13:20:19 UTC 2026: Restarting bot...
Mon Mar 16 13:20:19 UTC 2026: Bot restarted PID=19181
Mon Mar 16 13:21:19 UTC 2026: Restarting bot...
Mon Mar 16 13:21:19 UTC 2026: Bot restarted PID=19198
Mon Mar 16 13:22:19 UTC 2026: Restarting bot...
Mon Mar 16 13:22:19 UTC 2026: Bot restarted PID=19215
Mon Mar 16 13:23:19 UTC 2026: Restarting bot...
Mon Mar 16 13:23:19 UTC 2026: Bot restarted PID=19232
Mon Mar 16 13:24:19 UTC 2026: Restarting bot...
Mon Mar 16 13:24:20 UTC 2026: Bot restarted PID=19249
Mon Mar 16 13:25:20 UTC 2026: Restarting bot...
Mon Mar 16 13:25:20 UTC 2026: Bot restarted PID=19266
Mon Mar 16 13:26:20 UTC 2026: Restarting bot...
Mon Mar 16 13:26:20 UTC 2026: Bot restarted PID=19283
Mon Mar 16 13:27:20 UTC 2026: Restarting bot...
Mon Mar 16 13:27:20 UTC 2026: Bot restarted PID=19300
Mon Mar 16 13:28:20 UTC 2026: Restarting bot...
Mon Mar 16 13:28:20 UTC 2026: Bot restarted PID=19317
Mon Mar 16 09:26:36 PM UTC 2026: Starting bot...
Mon Mar 16 09:26:36 PM UTC 2026: Bot started PID=10
Tue Mar 17 00:03:44 UTC 2026: Starting bot...
Tue Mar 17 00:03:44 UTC 2026: Bot started PID=48
nohup: ignoring input
Tue Mar 17 06:39:45 UTC 2026: Restarting bot...
Tue Mar 17 06:39:45 UTC 2026: Bot restarted PID=373
Tue Mar 17 06:40:45 UTC 2026: Restarting bot...
Tue Mar 17 06:40:45 UTC 2026: Bot restarted PID=391
Tue Mar 17 06:41:45 UTC 2026: Restarting bot...
Tue Mar 17 06:41:45 UTC 2026: Bot restarted PID=414
Tue Mar 17 06:42:45 UTC 2026: Restarting bot...
Tue Mar 17 06:42:45 UTC 2026: Bot restarted PID=427
nohup: ignoring input
Tue Mar 17 06:43:28 UTC 2026: Restarting bot...
Tue Mar 17 06:43:28 UTC 2026: Bot restarted PID=472
Tue Mar 17 06:43:45 UTC 2026: Restarting bot...
Tue Mar 17 06:43:46 UTC 2026: Bot restarted PID=485
Tue Mar 17 06:44:28 UTC 2026: Restarting bot...
Tue Mar 17 06:44:28 UTC 2026: Bot restarted PID=503
Tue Mar 17 06:44:46 UTC 2026: Restarting bot...
Tue Mar 17 06:44:46 UTC 2026: Bot restarted PID=516
Tue Mar 17 06:45:28 UTC 2026: Restarting bot...
Tue Mar 17 06:45:28 UTC 2026: Bot restarted PID=529
Tue Mar 17 06:45:46 UTC 2026: Restarting bot...
Tue Mar 17 06:45:46 UTC 2026: Bot restarted PID=547
Tue Mar 17 06:46:28 UTC 2026: Restarting bot...
Tue Mar 17 06:46:28 UTC 2026: Bot restarted PID=565
Tue Mar 17 06:46:46 UTC 2026: Restarting bot...
Tue Mar 17 06:46:46 UTC 2026: Bot restarted PID=578
Tue Mar 17 06:47:28 UTC 2026: Restarting bot...
Tue Mar 17 06:47:28 UTC 2026: Bot restarted PID=591
Tue Mar 17 06:47:46 UTC 2026: Restarting bot...
Tue Mar 17 06:47:46 UTC 2026: Bot restarted PID=604
Tue Mar 17 06:48:28 UTC 2026: Restarting bot...
Tue Mar 17 06:48:28 UTC 2026: Bot restarted PID=622
nohup: ignoring input
Tue Mar 17 06:48:35 UTC 2026: Restarting bot...
Tue Mar 17 06:48:35 UTC 2026: Bot restarted PID=662
Tue Mar 17 06:48:46 UTC 2026: Restarting bot...
Tue Mar 17 06:48:46 UTC 2026: Bot restarted PID=675
Tue Mar 17 06:49:28 UTC 2026: Restarting bot...
Tue Mar 17 06:49:28 UTC 2026: Bot restarted PID=693
Tue Mar 17 06:49:35 UTC 2026: Restarting bot...
Tue Mar 17 06:49:35 UTC 2026: Bot restarted PID=706
Tue Mar 17 06:49:46 UTC 2026: Restarting bot...
Tue Mar 17 06:49:46 UTC 2026: Bot restarted PID=719
Tue Mar 17 06:50:28 UTC 2026: Restarting bot...
Tue Mar 17 06:50:28 UTC 2026: Bot restarted PID=732
Tue Mar 17 06:50:35 UTC 2026: Restarting bot...
Tue Mar 17 06:50:35 UTC 2026: Bot restarted PID=745
Tue Mar 17 06:50:46 UTC 2026: Restarting bot...
Tue Mar 17 06:50:46 UTC 2026: Bot restarted PID=758
nohup: ignoring input
Tue Mar 17 06:51:07 UTC 2026: Restarting bot...
Tue Mar 17 06:51:07 UTC 2026: Bot restarted PID=808
nohup: ignoring input
Tue Mar 17 12:12:36 UTC 2026: Restarting bot...
Tue Mar 17 12:12:36 UTC 2026: Bot restarted PID=106
Wed Mar 18 00:03:48 UTC 2026: Starting bot...
Wed Mar 18 00:03:48 UTC 2026: Bot started PID=48
Thu Mar 19 00:02:48 UTC 2026: Starting bot...
Thu Mar 19 00:02:48 UTC 2026: Bot started PID=48
nohup: ignoring input
Thu Mar 19 11:55:25 UTC 2026: Restarting bot...
Thu Mar 19 11:55:25 UTC 2026: Bot restarted PID=134
nohup: ignoring input
Thu Mar 19 12:01:27 UTC 2026: Restarting bot...
Thu Mar 19 12:01:27 UTC 2026: Bot restarted PID=203
nohup: ignoring input
nohup: ignoring input
Thu Mar 19 12:06:45 UTC 2026: Restarting bot...
Thu Mar 19 12:06:45 UTC 2026: Bot restarted PID=309
nohup: ignoring input
Thu Mar 19 12:12:47 UTC 2026: Restarting bot...
Thu Mar 19 12:12:47 UTC 2026: Bot restarted PID=426
nohup: ignoring input
nohup: ignoring input
Thu Mar 19 12:18:36 UTC 2026: Restarting bot...
Thu Mar 19 12:18:36 UTC 2026: Bot restarted PID=563
nohup: ignoring input
Thu Mar 19 12:23:53 UTC 2026: Restarting bot...
Thu Mar 19 12:23:53 UTC 2026: Bot restarted PID=712
nohup: ignoring input
Thu Mar 19 12:30:03 UTC 2026: Restarting bot...
Thu Mar 19 12:30:03 UTC 2026: Bot restarted PID=776
nohup: ignoring input
nohup: ignoring input
nohup: ignoring input
Thu Mar 19 12:36:17 UTC 2026: Restarting bot...
Thu Mar 19 12:36:17 UTC 2026: Bot restarted PID=971
Thu Mar 19 12:37:17 UTC 2026: Restarting bot...
Thu Mar 19 12:37:17 UTC 2026: Bot restarted PID=984
Thu Mar 19 12:38:17 UTC 2026: Restarting bot...
Thu Mar 19 12:38:17 UTC 2026: Bot restarted PID=1007
Thu Mar 19 12:39:17 UTC 2026: Restarting bot...
Thu Mar 19 12:39:18 UTC 2026: Bot restarted PID=1021
Thu Mar 19 12:40:18 UTC 2026: Restarting bot...
Thu Mar 19 12:40:18 UTC 2026: Bot restarted PID=1038
Thu Mar 19 12:41:18 UTC 2026: Restarting bot...
Thu Mar 19 12:41:18 UTC 2026: Bot restarted PID=1056
Thu Mar 19 12:42:18 UTC 2026: Restarting bot...
Thu Mar 19 12:42:18 UTC 2026: Bot restarted PID=1069
Thu Mar 19 12:43:18 UTC 2026: Restarting bot...
Thu Mar 19 12:43:18 UTC 2026: Bot restarted PID=1092
Thu Mar 19 12:44:18 UTC 2026: Restarting bot...
Thu Mar 19 12:44:18 UTC 2026: Bot restarted PID=1105
Thu Mar 19 12:45:18 UTC 2026: Restarting bot...
Thu Mar 19 12:45:18 UTC 2026: Bot restarted PID=1118
Thu Mar 19 12:46:18 UTC 2026: Restarting bot...
Thu Mar 19 12:46:18 UTC 2026: Bot restarted PID=1131
Thu Mar 19 12:47:18 UTC 2026: Restarting bot...
Thu Mar 19 12:47:18 UTC 2026: Bot restarted PID=1144
Thu Mar 19 12:48:18 UTC 2026: Restarting bot...
Thu Mar 19 12:48:18 UTC 2026: Bot restarted PID=1157
Thu Mar 19 12:49:18 UTC 2026: Restarting bot...
Thu Mar 19 12:49:18 UTC 2026: Bot restarted PID=1170
Thu Mar 19 12:50:18 UTC 2026: Restarting bot...
Thu Mar 19 12:50:18 UTC 2026: Bot restarted PID=1183
Thu Mar 19 12:51:18 UTC 2026: Restarting bot...
Thu Mar 19 12:51:18 UTC 2026: Bot restarted PID=1196
Thu Mar 19 12:52:18 UTC 2026: Restarting bot...
Thu Mar 19 12:52:18 UTC 2026: Bot restarted PID=1209
Thu Mar 19 12:53:18 UTC 2026: Restarting bot...
Thu Mar 19 12:53:18 UTC 2026: Bot restarted PID=1222
Thu Mar 19 12:54:18 UTC 2026: Restarting bot...
Thu Mar 19 12:54:18 UTC 2026: Bot restarted PID=1235
Thu Mar 19 12:55:18 UTC 2026: Restarting bot...
Thu Mar 19 12:55:18 UTC 2026: Bot restarted PID=1248
Thu Mar 19 12:56:18 UTC 2026: Restarting bot...
Thu Mar 19 12:56:18 UTC 2026: Bot restarted PID=1266
Thu Mar 19 12:57:18 UTC 2026: Restarting bot...
Thu Mar 19 12:57:18 UTC 2026: Bot restarted PID=1279
Thu Mar 19 12:58:18 UTC 2026: Restarting bot...
Thu Mar 19 12:58:18 UTC 2026: Bot restarted PID=1292
Thu Mar 19 12:59:18 UTC 2026: Restarting bot...
Thu Mar 19 12:59:18 UTC 2026: Bot restarted PID=1310
Thu Mar 19 13:00:18 UTC 2026: Restarting bot...
Thu Mar 19 13:00:18 UTC 2026: Bot restarted PID=1328
Thu Mar 19 13:01:18 UTC 2026: Restarting bot...
Thu Mar 19 13:01:18 UTC 2026: Bot restarted PID=1346
Thu Mar 19 13:02:19 UTC 2026: Restarting bot...
Thu Mar 19 13:02:19 UTC 2026: Bot restarted PID=1364
Thu Mar 19 13:03:19 UTC 2026: Restarting bot...
Thu Mar 19 13:03:19 UTC 2026: Bot restarted PID=1382
Thu Mar 19 13:04:19 UTC 2026: Restarting bot...
Thu Mar 19 13:04:19 UTC 2026: Bot restarted PID=1400
Thu Mar 19 13:05:19 UTC 2026: Restarting bot...
Thu Mar 19 13:05:19 UTC 2026: Bot restarted PID=1413
Thu Mar 19 13:06:19 UTC 2026: Restarting bot...
Thu Mar 19 13:06:19 UTC 2026: Bot restarted PID=1431
Thu Mar 19 13:07:19 UTC 2026: Restarting bot...
Thu Mar 19 13:07:19 UTC 2026: Bot restarted PID=1449
Thu Mar 19 13:08:19 UTC 2026: Restarting bot...
Thu Mar 19 13:08:19 UTC 2026: Bot restarted PID=1462
Thu Mar 19 13:09:19 UTC 2026: Restarting bot...
Thu Mar 19 13:09:19 UTC 2026: Bot restarted PID=1475
Thu Mar 19 13:10:19 UTC 2026: Restarting bot...
Thu Mar 19 13:10:19 UTC 2026: Bot restarted PID=1488
Thu Mar 19 13:11:19 UTC 2026: Restarting bot...
Thu Mar 19 13:11:19 UTC 2026: Bot restarted PID=1501
Thu Mar 19 13:12:19 UTC 2026: Restarting bot...
Thu Mar 19 13:12:19 UTC 2026: Bot restarted PID=1514
Thu Mar 19 13:13:19 UTC 2026: Restarting bot...
Thu Mar 19 13:13:19 UTC 2026: Bot restarted PID=1527
Thu Mar 19 13:14:19 UTC 2026: Restarting bot...
Thu Mar 19 13:14:19 UTC 2026: Bot restarted PID=1540
Thu Mar 19 13:15:19 UTC 2026: Restarting bot...
Thu Mar 19 13:15:19 UTC 2026: Bot restarted PID=1553
Thu Mar 19 13:16:19 UTC 2026: Restarting bot...
Thu Mar 19 13:16:19 UTC 2026: Bot restarted PID=1566
Thu Mar 19 13:17:19 UTC 2026: Restarting bot...
Thu Mar 19 13:17:19 UTC 2026: Bot restarted PID=1579
Thu Mar 19 13:18:20 UTC 2026: Restarting bot...
Thu Mar 19 13:18:20 UTC 2026: Bot restarted PID=1592
Thu Mar 19 13:19:20 UTC 2026: Restarting bot...
Thu Mar 19 13:19:20 UTC 2026: Bot restarted PID=1605
Thu Mar 19 13:20:20 UTC 2026: Restarting bot...
Thu Mar 19 13:20:20 UTC 2026: Bot restarted PID=1618
Thu Mar 19 13:21:20 UTC 2026: Restarting bot...
Thu Mar 19 13:21:20 UTC 2026: Bot restarted PID=1631
Thu Mar 19 13:22:20 UTC 2026: Restarting bot...
Thu Mar 19 13:22:21 UTC 2026: Bot restarted PID=1644
Thu Mar 19 13:23:21 UTC 2026: Restarting bot...
Thu Mar 19 13:23:21 UTC 2026: Bot restarted PID=1657
Thu Mar 19 13:24:21 UTC 2026: Restarting bot...
Thu Mar 19 13:24:21 UTC 2026: Bot restarted PID=1670
Thu Mar 19 13:25:21 UTC 2026: Restarting bot...
Thu Mar 19 13:25:21 UTC 2026: Bot restarted PID=1683
Thu Mar 19 13:26:21 UTC 2026: Restarting bot...
Thu Mar 19 13:26:21 UTC 2026: Bot restarted PID=1696
Thu Mar 19 13:27:21 UTC 2026: Restarting bot...
Thu Mar 19 13:27:21 UTC 2026: Bot restarted PID=1709
Thu Mar 19 13:28:22 UTC 2026: Restarting bot...
Thu Mar 19 13:28:22 UTC 2026: Bot restarted PID=1722
Thu Mar 19 13:29:22 UTC 2026: Restarting bot...
Thu Mar 19 13:29:22 UTC 2026: Bot restarted PID=1735
Thu Mar 19 13:30:22 UTC 2026: Restarting bot...
Thu Mar 19 13:30:22 UTC 2026: Bot restarted PID=1748
Thu Mar 19 13:31:22 UTC 2026: Restarting bot...
Thu Mar 19 13:31:22 UTC 2026: Bot restarted PID=1761
Thu Mar 19 13:32:22 UTC 2026: Restarting bot...
Thu Mar 19 13:32:23 UTC 2026: Bot restarted PID=1774
Thu Mar 19 13:33:23 UTC 2026: Restarting bot...
Thu Mar 19 13:33:23 UTC 2026: Bot restarted PID=1787
Thu Mar 19 13:34:23 UTC 2026: Restarting bot...
Thu Mar 19 13:34:23 UTC 2026: Bot restarted PID=1800
Thu Mar 19 13:35:23 UTC 2026: Restarting bot...
Thu Mar 19 13:35:23 UTC 2026: Bot restarted PID=1813
Thu Mar 19 13:36:23 UTC 2026: Restarting bot...
Thu Mar 19 13:36:23 UTC 2026: Bot restarted PID=1826
Thu Mar 19 13:37:24 UTC 2026: Restarting bot...
Thu Mar 19 13:37:24 UTC 2026: Bot restarted PID=1839
Thu Mar 19 13:38:24 UTC 2026: Restarting bot...
Thu Mar 19 13:38:24 UTC 2026: Bot restarted PID=1852
Thu Mar 19 13:39:24 UTC 2026: Restarting bot...
Thu Mar 19 13:39:24 UTC 2026: Bot restarted PID=1865
Thu Mar 19 13:40:24 UTC 2026: Restarting bot...
Thu Mar 19 13:40:24 UTC 2026: Bot restarted PID=1878
Thu Mar 19 13:41:24 UTC 2026: Restarting bot...
Thu Mar 19 13:41:25 UTC 2026: Bot restarted PID=1891
Thu Mar 19 13:42:25 UTC 2026: Restarting bot...
Thu Mar 19 13:42:25 UTC 2026: Bot restarted PID=1904
Thu Mar 19 13:43:25 UTC 2026: Restarting bot...
Thu Mar 19 13:43:25 UTC 2026: Bot restarted PID=1917
Thu Mar 19 13:44:25 UTC 2026: Restarting bot...
Thu Mar 19 13:44:25 UTC 2026: Bot restarted PID=1930
Thu Mar 19 13:45:25 UTC 2026: Restarting bot...
Thu Mar 19 13:45:25 UTC 2026: Bot restarted PID=1943
Thu Mar 19 13:46:25 UTC 2026: Restarting bot...
Thu Mar 19 13:46:25 UTC 2026: Bot restarted PID=1956
Thu Mar 19 13:47:25 UTC 2026: Restarting bot...
Thu Mar 19 13:47:25 UTC 2026: Bot restarted PID=1969
Thu Mar 19 13:48:25 UTC 2026: Restarting bot...
Thu Mar 19 13:48:26 UTC 2026: Bot restarted PID=1982
Thu Mar 19 13:49:26 UTC 2026: Restarting bot...
Thu Mar 19 13:49:26 UTC 2026: Bot restarted PID=1995
Thu Mar 19 13:50:26 UTC 2026: Restarting bot...
Thu Mar 19 13:50:26 UTC 2026: Bot restarted PID=2008
Thu Mar 19 13:51:26 UTC 2026: Restarting bot...
Thu Mar 19 13:51:26 UTC 2026: Bot restarted PID=2021
Thu Mar 19 13:52:26 UTC 2026: Restarting bot...
Thu Mar 19 13:52:26 UTC 2026: Bot restarted PID=2034
Thu Mar 19 13:53:26 UTC 2026: Restarting bot...
Thu Mar 19 13:53:26 UTC 2026: Bot restarted PID=2047
Thu Mar 19 13:54:27 UTC 2026: Restarting bot...
Thu Mar 19 13:54:27 UTC 2026: Bot restarted PID=2060
Thu Mar 19 13:55:27 UTC 2026: Restarting bot...
Thu Mar 19 13:55:27 UTC 2026: Bot restarted PID=2073
Thu Mar 19 13:56:27 UTC 2026: Restarting bot...
Thu Mar 19 13:56:27 UTC 2026: Bot restarted PID=2086
Thu Mar 19 13:57:27 UTC 2026: Restarting bot...
Thu Mar 19 13:57:27 UTC 2026: Bot restarted PID=2099
Thu Mar 19 13:58:28 UTC 2026: Restarting bot...
Thu Mar 19 13:58:28 UTC 2026: Bot restarted PID=2112
Thu Mar 19 13:59:28 UTC 2026: Restarting bot...
Thu Mar 19 13:59:28 UTC 2026: Bot restarted PID=2125
Thu Mar 19 14:00:28 UTC 2026: Restarting bot...
Thu Mar 19 14:00:28 UTC 2026: Bot restarted PID=2138
Thu Mar 19 14:01:28 UTC 2026: Restarting bot...
Thu Mar 19 14:01:28 UTC 2026: Bot restarted PID=2151
Thu Mar 19 14:02:29 UTC 2026: Restarting bot...
Thu Mar 19 14:02:29 UTC 2026: Bot restarted PID=2164
Thu Mar 19 14:03:29 UTC 2026: Restarting bot...
Thu Mar 19 14:03:29 UTC 2026: Bot restarted PID=2177
Thu Mar 19 14:04:29 UTC 2026: Restarting bot...
Thu Mar 19 14:04:29 UTC 2026: Bot restarted PID=2190
Thu Mar 19 14:05:30 UTC 2026: Restarting bot...
Thu Mar 19 14:05:30 UTC 2026: Bot restarted PID=2203
Thu Mar 19 14:06:30 UTC 2026: Restarting bot...
Thu Mar 19 14:06:30 UTC 2026: Bot restarted PID=2216
Thu Mar 19 14:07:30 UTC 2026: Restarting bot...
Thu Mar 19 14:07:30 UTC 2026: Bot restarted PID=2229
Thu Mar 19 14:08:30 UTC 2026: Restarting bot...
Thu Mar 19 14:08:30 UTC 2026: Bot restarted PID=2242
Thu Mar 19 14:09:31 UTC 2026: Restarting bot...
Thu Mar 19 14:09:31 UTC 2026: Bot restarted PID=2255
Thu Mar 19 14:10:31 UTC 2026: Restarting bot...
Thu Mar 19 14:10:31 UTC 2026: Bot restarted PID=2268
Thu Mar 19 14:11:31 UTC 2026: Restarting bot...
Thu Mar 19 14:11:31 UTC 2026: Bot restarted PID=2281
Thu Mar 19 14:12:31 UTC 2026: Restarting bot...
Thu Mar 19 14:12:31 UTC 2026: Bot restarted PID=2294
Thu Mar 19 14:13:32 UTC 2026: Restarting bot...
Thu Mar 19 14:13:32 UTC 2026: Bot restarted PID=2307
Thu Mar 19 14:14:32 UTC 2026: Restarting bot...
Thu Mar 19 14:14:32 UTC 2026: Bot restarted PID=2320
Thu Mar 19 14:15:32 UTC 2026: Restarting bot...
Thu Mar 19 14:15:32 UTC 2026: Bot restarted PID=2333
Thu Mar 19 14:16:32 UTC 2026: Restarting bot...
Thu Mar 19 14:16:32 UTC 2026: Bot restarted PID=2346
Thu Mar 19 14:17:33 UTC 2026: Restarting bot...
Thu Mar 19 14:17:33 UTC 2026: Bot restarted PID=2359
Thu Mar 19 14:18:33 UTC 2026: Restarting bot...
Thu Mar 19 14:18:33 UTC 2026: Bot restarted PID=2372
Thu Mar 19 14:19:33 UTC 2026: Restarting bot...
Thu Mar 19 14:19:33 UTC 2026: Bot restarted PID=2385
Thu Mar 19 14:20:33 UTC 2026: Restarting bot...
Thu Mar 19 14:20:34 UTC 2026: Bot restarted PID=2398
Thu Mar 19 14:21:34 UTC 2026: Restarting bot...
Thu Mar 19 14:21:34 UTC 2026: Bot restarted PID=2411
Thu Mar 19 14:22:34 UTC 2026: Restarting bot...
Thu Mar 19 14:22:34 UTC 2026: Bot restarted PID=2424
Thu Mar 19 14:23:34 UTC 2026: Restarting bot...
Thu Mar 19 14:23:34 UTC 2026: Bot restarted PID=2437
Thu Mar 19 14:24:35 UTC 2026: Restarting bot...
Thu Mar 19 14:24:35 UTC 2026: Bot restarted PID=2450
Thu Mar 19 14:25:35 UTC 2026: Restarting bot...
Thu Mar 19 14:25:35 UTC 2026: Bot restarted PID=2463
Thu Mar 19 14:26:35 UTC 2026: Restarting bot...
Thu Mar 19 14:26:35 UTC 2026: Bot restarted PID=2476
Thu Mar 19 14:27:35 UTC 2026: Restarting bot...
Thu Mar 19 14:27:35 UTC 2026: Bot restarted PID=2489
Thu Mar 19 14:28:35 UTC 2026: Restarting bot...
Thu Mar 19 14:28:35 UTC 2026: Bot restarted PID=2502
Thu Mar 19 14:29:36 UTC 2026: Restarting bot...
Thu Mar 19 14:29:36 UTC 2026: Bot restarted PID=2515
Thu Mar 19 14:30:36 UTC 2026: Restarting bot...
Thu Mar 19 14:30:36 UTC 2026: Bot restarted PID=2528
Thu Mar 19 14:31:36 UTC 2026: Restarting bot...
Thu Mar 19 14:31:36 UTC 2026: Bot restarted PID=2541
Thu Mar 19 14:32:36 UTC 2026: Restarting bot...
Thu Mar 19 14:32:36 UTC 2026: Bot restarted PID=2554
Thu Mar 19 14:33:37 UTC 2026: Restarting bot...
Thu Mar 19 14:33:37 UTC 2026: Bot restarted PID=2567
Thu Mar 19 14:34:37 UTC 2026: Restarting bot...
Thu Mar 19 14:34:37 UTC 2026: Bot restarted PID=2580
Thu Mar 19 14:35:37 UTC 2026: Restarting bot...
Thu Mar 19 14:35:37 UTC 2026: Bot restarted PID=2593
Thu Mar 19 14:36:37 UTC 2026: Restarting bot...
Thu Mar 19 14:36:38 UTC 2026: Bot restarted PID=2606
Thu Mar 19 14:37:38 UTC 2026: Restarting bot...
Thu Mar 19 14:37:38 UTC 2026: Bot restarted PID=2619
Thu Mar 19 14:38:38 UTC 2026: Restarting bot...
Thu Mar 19 14:38:38 UTC 2026: Bot restarted PID=2632
Thu Mar 19 14:39:38 UTC 2026: Restarting bot...
Thu Mar 19 14:39:38 UTC 2026: Bot restarted PID=2645
Thu Mar 19 14:40:38 UTC 2026: Restarting bot...
Thu Mar 19 14:40:38 UTC 2026: Bot restarted PID=2658
Thu Mar 19 14:41:39 UTC 2026: Restarting bot...
Thu Mar 19 14:41:39 UTC 2026: Bot restarted PID=2671
Thu Mar 19 14:42:39 UTC 2026: Restarting bot...
Thu Mar 19 14:42:39 UTC 2026: Bot restarted PID=2684
Thu Mar 19 14:43:39 UTC 2026: Restarting bot...
Thu Mar 19 14:43:39 UTC 2026: Bot restarted PID=2697
Thu Mar 19 14:44:39 UTC 2026: Restarting bot...
Thu Mar 19 14:44:39 UTC 2026: Bot restarted PID=2710
Thu Mar 19 14:45:39 UTC 2026: Restarting bot...
Thu Mar 19 14:45:40 UTC 2026: Bot restarted PID=2723
Thu Mar 19 14:46:40 UTC 2026: Restarting bot...
Thu Mar 19 14:46:40 UTC 2026: Bot restarted PID=2736
Thu Mar 19 14:47:40 UTC 2026: Restarting bot...
Thu Mar 19 14:47:40 UTC 2026: Bot restarted PID=2749
Thu Mar 19 14:48:40 UTC 2026: Restarting bot...
Thu Mar 19 14:48:40 UTC 2026: Bot restarted PID=2762
Thu Mar 19 14:49:40 UTC 2026: Restarting bot...
Thu Mar 19 14:49:40 UTC 2026: Bot restarted PID=2775
Thu Mar 19 14:50:41 UTC 2026: Restarting bot...
Thu Mar 19 14:50:41 UTC 2026: Bot restarted PID=2788
Thu Mar 19 14:51:41 UTC 2026: Restarting bot...
Thu Mar 19 14:51:41 UTC 2026: Bot restarted PID=2801
Thu Mar 19 14:52:41 UTC 2026: Restarting bot...
Thu Mar 19 14:52:41 UTC 2026: Bot restarted PID=2814
Thu Mar 19 14:53:41 UTC 2026: Restarting bot...
Thu Mar 19 14:53:41 UTC 2026: Bot restarted PID=2827
Thu Mar 19 14:54:41 UTC 2026: Restarting bot...
Thu Mar 19 14:54:41 UTC 2026: Bot restarted PID=2840
Thu Mar 19 14:55:41 UTC 2026: Restarting bot...
Thu Mar 19 14:55:41 UTC 2026: Bot restarted PID=2853
Thu Mar 19 14:56:41 UTC 2026: Restarting bot...
Thu Mar 19 14:56:42 UTC 2026: Bot restarted PID=2866
Thu Mar 19 14:57:42 UTC 2026: Restarting bot...
Thu Mar 19 14:57:42 UTC 2026: Bot restarted PID=2879
Thu Mar 19 14:58:42 UTC 2026: Restarting bot...
Thu Mar 19 14:58:42 UTC 2026: Bot restarted PID=2892
Thu Mar 19 14:59:42 UTC 2026: Restarting bot...
Thu Mar 19 14:59:42 UTC 2026: Bot restarted PID=2905
Thu Mar 19 15:00:42 UTC 2026: Restarting bot...
Thu Mar 19 15:00:42 UTC 2026: Bot restarted PID=2918
Thu Mar 19 15:01:43 UTC 2026: Restarting bot...
Thu Mar 19 15:01:43 UTC 2026: Bot restarted PID=2931
Thu Mar 19 15:02:43 UTC 2026: Restarting bot...
Thu Mar 19 15:02:43 UTC 2026: Bot restarted PID=2944
Thu Mar 19 15:03:43 UTC 2026: Restarting bot...
Thu Mar 19 15:03:43 UTC 2026: Bot restarted PID=2957
Thu Mar 19 15:04:43 UTC 2026: Restarting bot...
Thu Mar 19 15:04:43 UTC 2026: Bot restarted PID=2970
Thu Mar 19 15:05:43 UTC 2026: Restarting bot...
Thu Mar 19 15:05:44 UTC 2026: Bot restarted PID=2983
Thu Mar 19 15:06:44 UTC 2026: Restarting bot...
Thu Mar 19 15:06:44 UTC 2026: Bot restarted PID=2996
Thu Mar 19 15:07:44 UTC 2026: Restarting bot...
Thu Mar 19 15:07:44 UTC 2026: Bot restarted PID=3009
Thu Mar 19 15:08:45 UTC 2026: Restarting bot...
Thu Mar 19 15:08:45 UTC 2026: Bot restarted PID=3022
Thu Mar 19 15:09:45 UTC 2026: Restarting bot...
Thu Mar 19 15:09:45 UTC 2026: Bot restarted PID=3035
Thu Mar 19 15:10:45 UTC 2026: Restarting bot...
Thu Mar 19 15:10:45 UTC 2026: Bot restarted PID=3048
Thu Mar 19 15:11:45 UTC 2026: Restarting bot...
Thu Mar 19 15:11:45 UTC 2026: Bot restarted PID=3061
Thu Mar 19 15:12:45 UTC 2026: Restarting bot...
Thu Mar 19 15:12:45 UTC 2026: Bot restarted PID=3074
Thu Mar 19 15:13:46 UTC 2026: Restarting bot...
Thu Mar 19 15:13:46 UTC 2026: Bot restarted PID=3087
Thu Mar 19 15:14:46 UTC 2026: Restarting bot...
Thu Mar 19 15:14:46 UTC 2026: Bot restarted PID=3100
Thu Mar 19 15:15:46 UTC 2026: Restarting bot...
Thu Mar 19 15:15:46 UTC 2026: Bot restarted PID=3113
Thu Mar 19 15:16:46 UTC 2026: Restarting bot...
Thu Mar 19 15:16:47 UTC 2026: Bot restarted PID=3126
Thu Mar 19 15:17:47 UTC 2026: Restarting bot...
Thu Mar 19 15:17:47 UTC 2026: Bot restarted PID=3139
Thu Mar 19 15:18:47 UTC 2026: Restarting bot...
Thu Mar 19 15:18:47 UTC 2026: Bot restarted PID=3152
Thu Mar 19 15:19:47 UTC 2026: Restarting bot...
Thu Mar 19 15:19:47 UTC 2026: Bot restarted PID=3165
Thu Mar 19 15:20:47 UTC 2026: Restarting bot...
Thu Mar 19 15:20:47 UTC 2026: Bot restarted PID=3178
Thu Mar 19 15:21:48 UTC 2026: Restarting bot...
Thu Mar 19 15:21:48 UTC 2026: Bot restarted PID=3191
Thu Mar 19 15:22:48 UTC 2026: Restarting bot...
Thu Mar 19 15:22:48 UTC 2026: Bot restarted PID=3204
Thu Mar 19 15:23:48 UTC 2026: Restarting bot...
Thu Mar 19 15:23:48 UTC 2026: Bot restarted PID=3217
Thu Mar 19 15:24:48 UTC 2026: Restarting bot...
Thu Mar 19 15:24:48 UTC 2026: Bot restarted PID=3230
Thu Mar 19 15:25:49 UTC 2026: Restarting bot...
Thu Mar 19 15:25:49 UTC 2026: Bot restarted PID=3243
Thu Mar 19 15:26:49 UTC 2026: Restarting bot...
Thu Mar 19 15:26:49 UTC 2026: Bot restarted PID=3256
Thu Mar 19 15:27:49 UTC 2026: Restarting bot...
Thu Mar 19 15:27:49 UTC 2026: Bot restarted PID=3269
Thu Mar 19 15:28:49 UTC 2026: Restarting bot...
Thu Mar 19 15:28:50 UTC 2026: Bot restarted PID=3282
Thu Mar 19 15:29:50 UTC 2026: Restarting bot...
Thu Mar 19 15:29:50 UTC 2026: Bot restarted PID=3295
Thu Mar 19 15:30:50 UTC 2026: Restarting bot...
Thu Mar 19 15:30:50 UTC 2026: Bot restarted PID=3308
Thu Mar 19 15:31:50 UTC 2026: Restarting bot...
Thu Mar 19 15:31:50 UTC 2026: Bot restarted PID=3321
Thu Mar 19 15:32:50 UTC 2026: Restarting bot...
Thu Mar 19 15:32:50 UTC 2026: Bot restarted PID=3334
Thu Mar 19 15:33:50 UTC 2026: Restarting bot...
Thu Mar 19 15:33:51 UTC 2026: Bot restarted PID=3347
Thu Mar 19 15:34:51 UTC 2026: Restarting bot...
Thu Mar 19 15:34:51 UTC 2026: Bot restarted PID=3360
Thu Mar 19 15:35:51 UTC 2026: Restarting bot...
Thu Mar 19 15:35:51 UTC 2026: Bot restarted PID=3373
Thu Mar 19 15:36:51 UTC 2026: Restarting bot...
Thu Mar 19 15:36:51 UTC 2026: Bot restarted PID=3386
Thu Mar 19 15:37:51 UTC 2026: Restarting bot...
Thu Mar 19 15:37:52 UTC 2026: Bot restarted PID=3399
Thu Mar 19 15:38:52 UTC 2026: Restarting bot...
Thu Mar 19 15:38:52 UTC 2026: Bot restarted PID=3412
Thu Mar 19 15:39:52 UTC 2026: Restarting bot...
Thu Mar 19 15:39:52 UTC 2026: Bot restarted PID=3425
Thu Mar 19 15:40:52 UTC 2026: Restarting bot...
Thu Mar 19 15:40:52 UTC 2026: Bot restarted PID=3438
Thu Mar 19 15:41:52 UTC 2026: Restarting bot...
Thu Mar 19 15:41:52 UTC 2026: Bot restarted PID=3451
Thu Mar 19 15:42:53 UTC 2026: Restarting bot...
Thu Mar 19 15:42:53 UTC 2026: Bot restarted PID=3464
Thu Mar 19 15:43:53 UTC 2026: Restarting bot...
Thu Mar 19 15:43:53 UTC 2026: Bot restarted PID=3477
Thu Mar 19 15:44:53 UTC 2026: Restarting bot...
Thu Mar 19 15:44:53 UTC 2026: Bot restarted PID=3490
Thu Mar 19 15:45:53 UTC 2026: Restarting bot...
Thu Mar 19 15:45:53 UTC 2026: Bot restarted PID=3503
Thu Mar 19 15:46:53 UTC 2026: Restarting bot...
Thu Mar 19 15:46:53 UTC 2026: Bot restarted PID=3516
Thu Mar 19 15:47:53 UTC 2026: Restarting bot...
Thu Mar 19 15:47:54 UTC 2026: Bot restarted PID=3529
Thu Mar 19 15:48:54 UTC 2026: Restarting bot...
Thu Mar 19 15:48:54 UTC 2026: Bot restarted PID=3542
Thu Mar 19 15:49:54 UTC 2026: Restarting bot...
Thu Mar 19 15:49:54 UTC 2026: Bot restarted PID=3555
Thu Mar 19 15:50:54 UTC 2026: Restarting bot...
Thu Mar 19 15:50:54 UTC 2026: Bot restarted PID=3568
Thu Mar 19 15:51:54 UTC 2026: Restarting bot...
Thu Mar 19 15:51:54 UTC 2026: Bot restarted PID=3581
Thu Mar 19 15:52:54 UTC 2026: Restarting bot...
Thu Mar 19 15:52:55 UTC 2026: Bot restarted PID=3594
Thu Mar 19 15:53:55 UTC 2026: Restarting bot...
Thu Mar 19 15:53:55 UTC 2026: Bot restarted PID=3607
Thu Mar 19 15:54:55 UTC 2026: Restarting bot...
Thu Mar 19 15:54:55 UTC 2026: Bot restarted PID=3620
Thu Mar 19 15:55:55 UTC 2026: Restarting bot...
Thu Mar 19 15:55:55 UTC 2026: Bot restarted PID=3633
Thu Mar 19 15:56:56 UTC 2026: Restarting bot...
Thu Mar 19 15:56:56 UTC 2026: Bot restarted PID=3646
Thu Mar 19 15:57:56 UTC 2026: Restarting bot...
Thu Mar 19 15:57:56 UTC 2026: Bot restarted PID=3659
Thu Mar 19 15:58:56 UTC 2026: Restarting bot...
Thu Mar 19 15:58:56 UTC 2026: Bot restarted PID=3672
Thu Mar 19 15:59:56 UTC 2026: Restarting bot...
Thu Mar 19 15:59:56 UTC 2026: Bot restarted PID=3685
Thu Mar 19 16:00:57 UTC 2026: Restarting bot...
Thu Mar 19 16:00:57 UTC 2026: Bot restarted PID=3698
Thu Mar 19 16:01:57 UTC 2026: Restarting bot...
Thu Mar 19 16:01:57 UTC 2026: Bot restarted PID=3711
Thu Mar 19 16:02:57 UTC 2026: Restarting bot...
Thu Mar 19 16:02:57 UTC 2026: Bot restarted PID=3724
Thu Mar 19 16:03:57 UTC 2026: Restarting bot...
Thu Mar 19 16:03:57 UTC 2026: Bot restarted PID=3737
Thu Mar 19 16:04:57 UTC 2026: Restarting bot...
Thu Mar 19 16:04:57 UTC 2026: Bot restarted PID=3750
Thu Mar 19 16:05:58 UTC 2026: Restarting bot...
Thu Mar 19 16:05:58 UTC 2026: Bot restarted PID=3763
Thu Mar 19 16:06:58 UTC 2026: Restarting bot...
Thu Mar 19 16:06:58 UTC 2026: Bot restarted PID=3776
Thu Mar 19 16:07:59 UTC 2026: Restarting bot...
Thu Mar 19 16:07:59 UTC 2026: Bot restarted PID=3789
Thu Mar 19 16:08:59 UTC 2026: Restarting bot...
Thu Mar 19 16:08:59 UTC 2026: Bot restarted PID=3802
Thu Mar 19 16:09:59 UTC 2026: Restarting bot...
Thu Mar 19 16:09:59 UTC 2026: Bot restarted PID=3815
Thu Mar 19 16:10:59 UTC 2026: Restarting bot...
Thu Mar 19 16:10:59 UTC 2026: Bot restarted PID=3828
Thu Mar 19 16:12:00 UTC 2026: Restarting bot...
Thu Mar 19 16:12:00 UTC 2026: Bot restarted PID=3841
Thu Mar 19 16:13:00 UTC 2026: Restarting bot...
Thu Mar 19 16:13:00 UTC 2026: Bot restarted PID=3854
Thu Mar 19 16:14:00 UTC 2026: Restarting bot...
Thu Mar 19 16:14:00 UTC 2026: Bot restarted PID=3867
Thu Mar 19 16:15:00 UTC 2026: Restarting bot...
Thu Mar 19 16:15:01 UTC 2026: Bot restarted PID=3880
Thu Mar 19 16:16:01 UTC 2026: Restarting bot...
Thu Mar 19 16:16:01 UTC 2026: Bot restarted PID=3893
Thu Mar 19 16:17:01 UTC 2026: Restarting bot...
Thu Mar 19 16:17:01 UTC 2026: Bot restarted PID=3906
Thu Mar 19 16:18:01 UTC 2026: Restarting bot...
Thu Mar 19 16:18:01 UTC 2026: Bot restarted PID=3919
Thu Mar 19 16:19:02 UTC 2026: Restarting bot...
Thu Mar 19 16:19:02 UTC 2026: Bot restarted PID=3932
Thu Mar 19 16:20:02 UTC 2026: Restarting bot...
Thu Mar 19 16:20:02 UTC 2026: Bot restarted PID=3945
Thu Mar 19 16:21:02 UTC 2026: Restarting bot...
Thu Mar 19 16:21:02 UTC 2026: Bot restarted PID=3958
Thu Mar 19 16:22:02 UTC 2026: Restarting bot...
Thu Mar 19 16:22:03 UTC 2026: Bot restarted PID=3971
Thu Mar 19 16:23:03 UTC 2026: Restarting bot...
Thu Mar 19 16:23:03 UTC 2026: Bot restarted PID=3984
Thu Mar 19 16:24:03 UTC 2026: Restarting bot...
Thu Mar 19 16:24:03 UTC 2026: Bot restarted PID=3997
Thu Mar 19 16:25:03 UTC 2026: Restarting bot...
Thu Mar 19 16:25:03 UTC 2026: Bot restarted PID=4010
Thu Mar 19 16:26:04 UTC 2026: Restarting bot...
Thu Mar 19 16:26:04 UTC 2026: Bot restarted PID=4023
Thu Mar 19 16:27:04 UTC 2026: Restarting bot...
Thu Mar 19 16:27:04 UTC 2026: Bot restarted PID=4036
Thu Mar 19 16:28:04 UTC 2026: Restarting bot...
Thu Mar 19 16:28:04 UTC 2026: Bot restarted PID=4049
Thu Mar 19 16:29:04 UTC 2026: Restarting bot...
Thu Mar 19 16:29:04 UTC 2026: Bot restarted PID=4062
Thu Mar 19 16:30:05 UTC 2026: Restarting bot...
Thu Mar 19 16:30:05 UTC 2026: Bot restarted PID=4075
Thu Mar 19 16:31:05 UTC 2026: Restarting bot...
Thu Mar 19 16:31:05 UTC 2026: Bot restarted PID=4088
Thu Mar 19 16:32:05 UTC 2026: Restarting bot...
Thu Mar 19 16:32:05 UTC 2026: Bot restarted PID=4101
nohup: ignoring input
Thu Mar 19 19:30:20 UTC 2026: Restarting bot...
Thu Mar 19 19:30:20 UTC 2026: Bot restarted PID=416
Thu Mar 19 19:31:20 UTC 2026: Restarting bot...
Thu Mar 19 19:31:20 UTC 2026: Bot restarted PID=478
nohup: ignoring input
Thu Mar 19 19:31:44 UTC 2026: Restarting bot...
Thu Mar 19 19:31:44 UTC 2026: Bot restarted PID=542
Thu Mar 19 19:32:44 UTC 2026: Restarting bot...
Thu Mar 19 19:32:44 UTC 2026: Bot restarted PID=580
nohup: ignoring input
Thu Mar 19 19:32:58 UTC 2026: Restarting bot...
Thu Mar 19 19:32:58 UTC 2026: Bot restarted PID=640
Thu Mar 19 19:33:58 UTC 2026: Restarting bot...
Thu Mar 19 19:33:58 UTC 2026: Bot restarted PID=682
Thu Mar 19 19:34:58 UTC 2026: Restarting bot...
Thu Mar 19 19:34:58 UTC 2026: Bot restarted PID=695
Thu Mar 19 19:35:58 UTC 2026: Restarting bot...
Thu Mar 19 19:35:58 UTC 2026: Bot restarted PID=735
Thu Mar 19 19:36:59 UTC 2026: Restarting bot...
Thu Mar 19 19:36:59 UTC 2026: Bot restarted PID=748
nohup: ignoring input
Thu Mar 19 19:37:20 UTC 2026: Restarting bot...
Thu Mar 19 19:37:20 UTC 2026: Bot restarted PID=792
Thu Mar 19 19:38:21 UTC 2026: Restarting bot...
Thu Mar 19 19:38:21 UTC 2026: Bot restarted PID=834
Thu Mar 19 19:39:21 UTC 2026: Restarting bot...
Thu Mar 19 19:39:21 UTC 2026: Bot restarted PID=870
Thu Mar 19 19:40:22 UTC 2026: Restarting bot...
Thu Mar 19 19:40:22 UTC 2026: Bot restarted PID=883
nohup: ignoring input
Thu Mar 19 19:40:38 UTC 2026: Restarting bot...
Thu Mar 19 19:40:38 UTC 2026: Bot restarted PID=927
nohup: ignoring input
Thu Mar 19 19:46:23 UTC 2026: Restarting bot...
Thu Mar 19 19:46:23 UTC 2026: Bot restarted PID=1066
nohup: ignoring input
Thu Mar 19 19:49:35 UTC 2026: Restarting bot...
Thu Mar 19 19:49:35 UTC 2026: Bot restarted PID=1172
nohup: ignoring input
Thu Mar 19 21:26:22 UTC 2026: Restarting bot...
Thu Mar 19 21:26:22 UTC 2026: Bot restarted PID=1425
nohup: ignoring input
Thu Mar 19 21:29:39 UTC 2026: Restarting bot...
Thu Mar 19 21:29:39 UTC 2026: Bot restarted PID=1579
nohup: ignoring input
Thu Mar 19 21:39:36 UTC 2026: Restarting bot...
Thu Mar 19 21:39:36 UTC 2026: Bot restarted PID=91
Fri Mar 20 00:03:54 UTC 2026: Starting bot...
Fri Mar 20 00:03:54 UTC 2026: Bot started PID=48
nohup: ignoring input
Fri Mar 20 04:33:24 UTC 2026: Restarting bot...
Fri Mar 20 04:33:24 UTC 2026: Bot restarted PID=1439
Fri Mar 20 04:34:24 UTC 2026: Restarting bot...
Fri Mar 20 04:34:24 UTC 2026: Bot restarted PID=1566
Fri Mar 20 04:35:24 UTC 2026: Restarting bot...
Fri Mar 20 04:35:24 UTC 2026: Bot restarted PID=1579
Fri Mar 20 04:36:24 UTC 2026: Restarting bot...
Fri Mar 20 04:36:24 UTC 2026: Bot restarted PID=1592
Fri Mar 20 04:37:24 UTC 2026: Restarting bot...
Fri Mar 20 04:37:24 UTC 2026: Bot restarted PID=1605
Fri Mar 20 04:38:24 UTC 2026: Restarting bot...
Fri Mar 20 04:38:24 UTC 2026: Bot restarted PID=1618
Fri Mar 20 04:39:24 UTC 2026: Restarting bot...
Fri Mar 20 04:39:24 UTC 2026: Bot restarted PID=1631
Fri Mar 20 04:40:24 UTC 2026: Restarting bot...
Fri Mar 20 04:40:24 UTC 2026: Bot restarted PID=1644
Fri Mar 20 04:41:24 UTC 2026: Restarting bot...
Fri Mar 20 04:41:24 UTC 2026: Bot restarted PID=1657
Fri Mar 20 04:42:24 UTC 2026: Restarting bot...
Fri Mar 20 04:42:24 UTC 2026: Bot restarted PID=1670
Fri Mar 20 04:43:24 UTC 2026: Restarting bot...
Fri Mar 20 04:43:24 UTC 2026: Bot restarted PID=1683
Fri Mar 20 04:44:24 UTC 2026: Restarting bot...
Fri Mar 20 04:44:24 UTC 2026: Bot restarted PID=1696
Fri Mar 20 04:45:24 UTC 2026: Restarting bot...
Fri Mar 20 04:45:24 UTC 2026: Bot restarted PID=1760
nohup: ignoring input
Fri Mar 20 04:46:05 UTC 2026: Restarting bot...
Fri Mar 20 04:46:05 UTC 2026: Bot restarted PID=1893
Fri Mar 20 04:47:05 UTC 2026: Restarting bot...
Fri Mar 20 04:47:05 UTC 2026: Bot restarted PID=1977
Fri Mar 20 04:48:05 UTC 2026: Restarting bot...
Fri Mar 20 04:48:05 UTC 2026: Bot restarted PID=2053
nohup: ignoring input
Fri Mar 20 04:48:48 UTC 2026: Restarting bot...
Fri Mar 20 04:48:48 UTC 2026: Bot restarted PID=2170
Fri Mar 20 04:49:48 UTC 2026: Restarting bot...
Fri Mar 20 04:49:48 UTC 2026: Bot restarted PID=2265
Fri Mar 20 04:50:48 UTC 2026: Restarting bot...
Fri Mar 20 04:50:48 UTC 2026: Bot restarted PID=2278
nohup: ignoring input
Fri Mar 20 04:51:23 UTC 2026: Restarting bot...
Fri Mar 20 04:51:23 UTC 2026: Bot restarted PID=2452
Fri Mar 20 04:52:23 UTC 2026: Restarting bot...
Fri Mar 20 04:52:23 UTC 2026: Bot restarted PID=2533
nohup: ignoring input
Fri Mar 20 04:53:18 UTC 2026: Restarting bot...
Fri Mar 20 04:53:18 UTC 2026: Bot restarted PID=2717
Fri Mar 20 04:53:23 UTC 2026: Restarting bot...
Fri Mar 20 04:53:23 UTC 2026: Bot restarted PID=2730
Fri Mar 20 04:54:18 UTC 2026: Restarting bot...
Fri Mar 20 04:54:18 UTC 2026: Bot restarted PID=2743
Fri Mar 20 04:54:23 UTC 2026: Restarting bot...
Fri Mar 20 04:54:23 UTC 2026: Bot restarted PID=2756
Fri Mar 20 04:55:18 UTC 2026: Restarting bot...
Fri Mar 20 04:55:18 UTC 2026: Bot restarted PID=2898
Fri Mar 20 04:55:23 UTC 2026: Restarting bot...
Fri Mar 20 04:55:23 UTC 2026: Bot restarted PID=2911
Fri Mar 20 04:56:18 UTC 2026: Restarting bot...
Fri Mar 20 04:56:18 UTC 2026: Bot restarted PID=2924
Fri Mar 20 04:56:23 UTC 2026: Restarting bot...
Fri Mar 20 04:56:23 UTC 2026: Bot restarted PID=2937
Sat Mar 21 00:04:13 UTC 2026: Starting bot...
Sat Mar 21 00:04:13 UTC 2026: Bot started PID=48
Sun Mar 22 00:02:45 UTC 2026: Starting bot...
Sun Mar 22 00:02:45 UTC 2026: Bot started PID=48
Mon Mar 23 00:02:54 UTC 2026: Starting bot...
Mon Mar 23 00:02:54 UTC 2026: Bot started PID=48
